"keys","en","ja","zh","ru","es","pt","de","ko"
"MSG_C_REFLECT_A_WIN","The ant's mandible bounces off your reinforced surface. It stuns itself against your shield.","蟻の牙があなたの硬質な盾を弾く。その衝撃で、蟻自身が脳震盪を起こした。","蚂蚁的大颚从你加固的表面弹开。它在你的护盾上撞晕了自己。","Жвалы муравья отскакивают от вашей укрепленной поверхности. Он сам себя оглушает о ваш щит.","Las mandíbulas de la hormiga rebotan en tu superficie reforzada. Se aturde contra tu escudo.","As mandíbulas da formiga ricocheteiam na sua superfície reforçada. Ela se atordoa contra o seu escudo.","Die Mandibeln der Ameise prallen von deiner verstärkten Oberfläche ab. Sie betäubt sich an deinem Schild selbst.","개미의 턱이 당신의 강화된 표면에 맞고 튕겨 나갑니다. 개미는 당신의 방패에 부딪혀 스스로 기절합니다."
"MSG_C_REFLECT_B_WIN","The bat's ultrasonic wave is sent straight back. It falls out of the air in sonic confusion.","蝙蝠の超音波がそのまま跳ね返される。自らの音に混乱し、空中でバランスを崩した。","蝙蝠的超音波被直接弹回。它在声波混乱中从空中跌落。","Ультразвуковая волна летучей мыши возвращается обратно. Она падает в звуковом замешательстве.","La onda ultrasónica del murciélago es devuelta directamente. Cae del aire en una confusión sónica.","A onda ultrassônica do morcego é enviada de volta. Ele cai do ar em confusão sônica.","Die Ultraschallwelle der Fledermaus wird direkt zurückgeschickt. Sie stürzt in klanglicher Verwirrung aus der Luft.","박쥐의 초음파가 그대로 되돌아갑니다. 박쥐는 자신의 소리에 혼란을 느끼고 공중에서 추락합니다."
"MSG_C_REFLECT_C_WIN","The cobra's venomous strike hits a mirror-like barrier. Its own fangs chip against the surface.","コブラの毒牙が鏡のような障壁に激突する.牙は砕け散り、毒は虚しく霧散した。","眼镜蛇的剧毒攻击撞上了镜面屏障。它落得牙齿崩裂的下场。","Ядовитый удар кобры попадает в зеркальный барьер. Ее собственные клыки ломаются о поверхность.","El ataque venenoso de la cobra choca contra una barrera de espejo. Sus propios colmillos se astillan contra la superficie.","O ataque venenoso da cobra atinge uma barreira espelhada. Suas próprias presas lascam contra a superfície.","Der giftige Schlag der Kobra trifft auf eine spiegelartige Barriere. Ihre eigenen Fänge zersplittern an der Oberfläche.","코브라의 독니 공격이 거울 같은 장벽에 부딪힙니다. 자신의 독니가 표면에 부딪혀 부서집니다."
"MSG_C_REFLECT_D_WIN","The dragon's ancient fire is channeled back into the maw. It coughs smoke in shocked silence.","龍の吐息がそのまま喉元へと返される。自らの炎に咽び、龍は沈黙を強いられた。","龙之吐息被反射回它的咽喉。它在震惊的沉默中咳出了烟雾。","Древнее пламя дракона направляется обратно в пасть. Он кашляет дымом в шокированном молчании.","El fuego ancestral del dragón es canalizado de vuelta a su fauce. Tose humo en un silencio impactado.","O fogo ancestral do dragão é canalizado de volta para a bocarra. Ele tosse fumaça em silêncio chocado.","Das uralte Feuer des Drachen wird zurück in den Schlund geleitet. Er hustet Rauch in schockiertem Schweigen.","용의 고대 화염이 다시 입안으로 흘러들어갑니다. 용은 충격적인 침묵 속에서 연기를 내뿜으며 기침합니다."
"MSG_C_REFLECT_E_WIN","The Ent's crushing branch is deflected by a rhythmic vibration. It splintered its own limb.","エントの大枝が振動によって逸らされる。自重に耐え切れず、その枝は自ら折れた。","树人粉碎性的树枝被振动偏转。它折断了自己的肢体。","Сокрушительная ветвь Энта отклоняется ритмичной вибрацией. Он расщепил свою собственную конечность.","La rama aplastante del Ent es desviada por una vibración rítmica. Astilló su propia extremidad.","O galho esmagador do Ent é desviado por uma vibração rítmica. Ele estilhaçou seu próprio membro.","Der schmetternde Ast des Ents wird durch eine rhythmische Vibration abgelenkt. Er splitterte sein eigenes Glied ab.","엔트의 거대한 가지가 리드미컬한 진동에 의해 튕겨 나갑니다. 엔트의 가지가 스스로 부러졌습니다."
"MSG_C_REFLECT_F_WIN","The fly's erratic dive is rebuffed by a field of force. It zaps itself out of existence.","蠅の突撃が斥力場によって弾き返される。自らの速度に耐え切れず、虚空へと消えた。","苍蝇不稳定的俯冲被力场击退.它被自己的冲力毁灭了。","Беспорядочное пике мухи отражено силовым полем. Она сама себя стирает из бытия.","El errático picado de la mosca es rechazado por un campo de fuerza. Se aniquila a sí misma.","O mergulho errático da mosca é repelido por um campo de força. Ela se apaga da existência.","Der unberechenbare Sturzflug der Fliege wird von einem Kraftfeld abgewehrt. Sie löscht sich selbst aus.","파리의 불규칙한 돌진이 역장력에 의해 튕겨 나갑니다. 파리는 자신의 속도를 이기지 못하고 허공으로 사라졌습니다."
"MSG_C_REFLECT_G_WIN","The goblin's jagged dagger snaps against your posture. He is thrown back by the recoil.","ゴブリンの短剣があなたの構えに弾かれる。その反動で、地面を転がっていった。","哥布林的锯齿匕首在你的架势前折断。他被反作用力弹开了。","Зазубренный кинжал гоблина ломается о вашу позу. Его отбрасывает отдачей.","La daga dentada del goblin se rompe contra tu postura. Es lanzado hacia atrás por el retroceso.","A adaga serrilhada do goblin quebra contra a sua postura. Ele é jogado para trás pelo recuo.","Der gezackte Dolch des Goblins bricht an deiner Haltung ab. Er wird durch den Rückstoß zurückgeworfen.","고블린의 톱니 모양 단검이 당신의 자세에 막혀 부러집니다. 고블린은 반동으로 인해 뒤로 튕겨 나갑니다."
"MSG_C_REFLECT_H_WIN","The harpy's screech is amplified and reflected. It is shaken by the power of its own voice.","ハーピーの叫びが倍増して襲い掛かる.自らの声の威力に、その身を震わせ倒れた。","哈比的大叫被放大并反射。它被自己声音的力量震慑了。","Визг гарпии усиливается и отражается. Она потрясена силой собственного голоса.","El chillido de la arpía es amplificado y reflejado. Es sacudida por el poder de su propia voz.","O guincho da harpia é amplificado e refletido. Ela é abalada pelo poder da própria voz.","Der Kreischton der Harpie wird verstärkt und reflektiert. Sie wird von der Kraft ihrer eigenen Stimme erschüttert.","하피의 비명이 증폭되어 되돌아옵니다. 하피는 자신의 목소리 위력에 몸을 떨며 쓰러집니다."
"MSG_C_REFLECT_I_WIN","The imp's cursed flare is mirrored precisely. It is burned by its own demonic malice.","インプの呪火が正確に追い返される.自らの邪念に焼かれ、その身は消滅した。","小恶魔的诅咒火焰被精确映射。它被自己恶魔般的恶意烧伤。","Проклятая вспышка беса точно отражается. Он сгорает от собственной демонической злобы.","El destello maldito del imp se refleja con precisión. Es quemado por su propia malicia demoníaca.","O clarão amaldiçoado do imp é espelhado com precisão. Ele é queimado por sua própria malícia demoníaca.","Das verfluchte Aufflackern des Imps wird präzise gespiegelt. Er wird von своей eigenen dämonischen Bosheit verbrannt.","임프의 저주받은 불꽃이 정확하게 반사됩니다. 임프는 자신의 악마 같은 사념에 타버려 소멸했습니다."
"MSG_C_REFLECT_J_WIN","The jelly's acidic surface is undulated back inward. It dissolves into its own core.","ジェリーの酸が波打つように内部へ押し返される.自らの溶解液で自滅していった。","胶状体的酸性表面向内波动。它在自己的核心中溶解。","Кислотная поверхность желе волнами возвращается внутрь. Оно растворяется в собственном ядре.","La superficie ácida de la gelatina ondula hacia adentro. Se disuelve en su propio núcleo.","A superfície ácida da geleia ondula para dentro. Ela se dissolve em seu próprio núcleo.","Die säurehaltige Oberfläche des Gelees wellt sich nach innen zurück. Es löst sich in seinem eigenen Kern auf.","젤리의 산성 표면이 물결치듯 내부로 밀려옵니다. 젤리는 자신의 용해액에 스스로 녹아버립니다."
"MSG_C_REFLECT_K_WIN","A series of rapid strikes is sent back at the kobold. It cringes from its own momentum.","コボルドの猛攻がそのまま自身へと返る.自らの勢いに飲み込まれ、地に伏した。","一系列快速攻击返还给了狗头人。它在自己的势头下畏缩了。","Серия быстрых ударов возвращается к кобольду. Он съеживается от собственного импульса.","Una serie de ataques rápidos se devuelven al kobold. Se encoge ante su propio impulso.","Uma série de ataques rápidos é enviada de volta ao kobold. Ele se encolhe com seu próprio ímpeto.","Eine Serie schneller Schläge wird an den Kobold zurückgeschickt. Er schreckt vor seinem eigenen Schwung zurück.","코볼드의 맹공이 그대로 자신에게 되돌아갑니다. 자신의 기세에 휘말려 땅에 엎드립니다."
"MSG_C_REFLECT_L_WIN","The lizard's whipping tail strikes an immovable wall. The impact travels up its spine.","トカゲの尾が不動の壁に叩きつけられる.衝撃が脊髄を駆け抜け、意識を刈り取った。","蜥蜴抽打的尾巴撞上了一堵不可逾越的墙。冲击波传遍了它的脊梁。","Хлещущий хвост ящерицы ударяется о неподвижную стену. Удар проходит по ее позвоночнику.","La cola azotadora del lagarto choca contra una pared inamovible. El impacto viaja por su columna.","A cauda chicoteante do lagarto atinge uma parede imóvel. O impacto viaja por sua coluna.","Der peitschende Schwanz der Eidechse trifft auf eine unbewegliche Wand. Der Aufprall wandert ihre Wirbelsäule hinauf.","도마뱀의 꼬리가 움직이지 않는 벽에 부딪힙니다. 충격이 척추를 타고 올라가 의식을 앗아갑니다."
"MSG_C_REFLECT_M_WIN","The mummy's necrotic touch is pulsed back. It turns the ancient king into dry sand.","ミイラの腐敗の呪いが自身へと伝播する.古の王は、ただの乾いた砂へと戻った。","木乃伊的坏死之触被反震。它让古老的国王变成了干沙。","Некротическое прикосновение мумии возвращается импульсом. Оно превращает древнего короля в сухой песок.","El toque necrótico de la momia es devuelto en un pulso. Convierte al antiguo rey en arena seca.","O toque necrótico da múmia é enviado de volta. Ele transforma o antigo rei em areia seca.","Die nekrotische Berührung der Mumie wird zurückgeworfen. Sie verwandelt den antiken König in trockenen Sand.","미라의 부패 저주가 자신에게 전파됩니다. 고대의 왕은 그저 마른 모래로 돌아갔습니다."
"MSG_C_REFLECT_N_WIN","The naga's crushing coils are met with a rigid reaction. It breaks its own ribs in the bind.","ナーガの締め付けが強固な反作用に阻まれる.その力で、自らの肋骨を粉砕した。","娜迦粉碎性的缠绕遭到了坚硬的反应。它在缠绕中折断了自己的肋骨。","Сокрушительные кольца наги встречают жесткую реакцию. Она ломает собственные ребра в хватке.","Los anillos aplastantes de la naga se topan con una reacción rígida. Se rompe sus propias costillas en la atadura.","As espirais esmagadoras da naga encontram uma reação rígida. Ela quebra as próprias costelas na constrição.","Die schmetternden Windungen der Naga stoßen auf eine starre Reaktion. Sie bricht sich in der Umschlingung die eigenen Rippen.","나가에게 조여지던 힘이 강한 반작용에 막힙니다. 그 힘으로 자신의 갈비뼈가 가루가 되었습니다."
"MSG_C_REFLECT_O_WIN","The orc's brutal axe blow is parried with perfect timing. His own strength unbalanced him.","オークの斧が完璧なタイミングで受け流される.自らの剛腕に振り回され、隙を晒した。","兽人残暴的斧击被完美的时机招架。他自身的力量使他失去平衡。","Жестокий удар топора орка парирован с идеальным расчетом времени. Его собственная сила вывела его из равновесия.","El brutal hachazo del orco es parado con un tiempo perfecto. Su propia fuerza lo desequilibró.","O golpe brutal do machado do orc é parado com tempo perfeito. Sua própria força o desequilibrou.","Der brutale Axtschlag des Orks wird mit perfektem Timing pariert. Seine eigene Kraft brachte ihn aus dem Gleichgewicht.","오크의 도끼질이 완벽한 타이밍에 흘려보내집니다. 자신의 괴력에 휘둘려 빈틈을 보입니다."
"MSG_C_REFLECT_P_WIN","The pixie's magic dust is blown back by a sudden gust. It finds itself trapped in its own spell.","ピクシーの魔法の粉が風に押し戻される.自らの術に囚われ、その翼は輝きを失った。","小精灵的魔法粉末被一阵狂风吹回。它发现自己陷进了自造的法术中。","Магическая пыль пикси сдувается внезапным порывом. Она оказывается в ловушке собственного заклинания.","El polvo mágico de la pixie es soplado de vuelta por una ráfaga repentina. Se encuentra atrapada en su propio hechizo.","O pó mágico da pixie é soprado de volta por uma rajada repentina. Ela se vê presa em seu próprio feitiço.","Der Zauberstaub der Pixie wird von einer plötzlichen Böe zurückgeblasen. Sie findet sich in ihrem eigenen Zauber gefangen.","픽시의 마법 가루가 바람에 밀려 되돌아옵니다. 자신의 술법에 갇혀 날개가 빛을 잃었습니다."
"MSG_C_REFLECT_Q_WIN","The Coeurl's electric discharge is grounded back through its fur. It is stunned by its own spark.","クアールの電撃が自らの毛皮を通じて接地する.自らの火花に焼かれ、絶命した。","灵猫的放电通过它自己的毛发接地.它被自己的火花震晕了。","Электрический разряд Керла заземляется через его мех. Он оглушен собственной искрой.","La descarga eléctrica del Coeurl se conecta a tierra a través de su pelaje. Es aturdido por su propia chispa.","A descarga elétrica do Coeurl é aterrada através de seu pelo. Ele é atordoado por sua própria faísca.","Die elektrische Entladung des Coeurls wird durch sein Fell geerdet. Er wird von seinem eigenen Funken betäubt.","쿠알의 전격이 자신의 털을 통해 지면으로 흐릅니다. 자신의 불꽃에 타서 목숨을 잃었습니다."
"MSG_C_REFLECT_R_WIN","The rat's desperate bite hits a steel-hard defense. It loses its teeth in a single snap.","鼠の決死の噛みつきが鋼の防御を叩いた.歯を砕き、鼠は絶望の中に沈んだ。","老鼠拼死一咬撞上了钢铁般的防守.一次清脆的碎裂声中，它的牙齿掉光了。","Отчаянный укус крысы натыкается на стальную защиту. Она теряет зубы в один миг.","La mordida desesperada de la rata choca contra una defensa dura como el acero. Pierde sus dientes de un solo golpe.","A mordida desesperada do rato atinge uma defesa dura como aço. Ele perde os dentes em um único estalo.","Der verzweifelte Biss der Ratte trifft auf eine stahlharte Verteidigung. Sie verliert ihre Zähne mit einem einzigen Knacken.","쥐의 결사적인 물어뜯기가 강철 같은 방어에 막힙니다. 이빨이 부러진 쥐는 절망에 빠집니다."
"MSG_C_REFLECT_S_WIN","The slime's attempt to engulf is repulsed from within. It splatters itself across the room.","スライムの捕食が内側から弾き返される.部屋中に飛び散り、その核は砕け散った。","史莱姆吞噬的企图从内部被击退.它溅满了整个房间。","Попытка слизи поглотить цель отражена изнутри. Она разлетается по всей комнате.","El intento del limo de engullir es repelido desde dentro. Se esparce por toda la habitación.","A tentativa do slime de engolfar é repelida por dentro. Ele se esparrama por toda a sala.","Der Versuch des Schleims, alles zu verschlingen, wird von innen abgewehrt. Er spritzt im ganzen Raum herum.","슬라임의 포식이 내측에서 튕겨 나갑니다. 방 안 여기저기에 흩뿌려지고 그 핵은 부서졌습니다."
"MSG_C_REFLECT_T_WIN","The troll's legendary strength yields to a superior technical parry. It is forced to its knees.","トロールの怪力が技術的な受け流しに屈した.自らの重みで、誇り高き膝を折った。","巨魔传奇般的力量屈服于高超的招架技术。它被迫跪在了地上。","Легендарная сила тролля уступает превосходному техническому парированию. Он вынужден пасть на колени.","La fuerza legendaria del troll cede ante una parada técnica superior. Es obligado a arrodillarse.","A força lendária do troll cede a uma paragem técnica superior. Ele é forçado a se ajoelhar.","Die legendäre Stärke des Trolls beugt sich einer überlegenen technischen Parade. Er wird in die Knie gezwungen.","트롤의 괴력이 기술적인 받아치기에 굴복합니다. 자신의 무게를 견디지 못하고 무릎을 꿇습니다."
"MSG_C_REFLECT_U_WIN","The undead's heavy strikes are absorbed and redirected. It is slowly disassembled by itself.","アンデッドの重撃が吸収され、転換される.自らの力で、自らの骨を砕いていった。","亡灵沉重的打击被吸收并重新定向。它正慢慢地瓦解自己。","Тяжелые удары нежити поглощаются и перенаправляются. Она медленно разбирает сама себя.","Los fuertes golpes del no muerto son absorbidos y redirigidos. Se desmantela lentamente a sí mismo.","Os golpes pesados do morto-vivo são absorvidos e redirecionados. Ele é lentamente desmontado por si mesmo.","Die schweren Schläge des Untoten werden absorbiert und umgeleitet. Er wird langsam von sich selbst zerlegt.","언데드의 중격이 흡수되어 전환됩니다. 자신의 힘에 의해 자신의 뼈가 부서져 갑니다."
"MSG_C_REFLECT_V_LOSS","The vampire's lunge is too swift to reflect. Its fangs bypass your guard effortlessly.","吸血鬼の突進はあまりにも疾く、反射が間に合わない.その牙は容易くあなたの守りをすり抜けた。","吸血鬼的冲刺太快，无法反射.它的尖牙轻而易举地绕过了你的防御。","Выпад вампира слишком быстр, чтобы его отразить. Его клыки без усилий обходят вашу защиту.","La estocada del vampiro es demasiado veloz para reflejarla. Sus colmillos superan tu guardia sin esfuerzo.","A investida do vampiro é rápida demais para refletir. Suas presas passam por sua guarda sem esforço.","Der Ausfallschritt des Vampirs ist zu schnell, um ihn zu reflektieren. Seine Fänge umgehen mühelos deine Verteidigung.","흡혈귀의 돌진은 너무나 빨라 반사가 불가능합니다. 그 송곳니는 당신의 방어를 손쉽게 뚫었습니다."
"MSG_C_REFLECT_W_LOSS","The wolf's ferocious leap shatters your attempted reflection. You are violently thrown to the ground.","狼の猛烈な跳躍があなたの反射の試みを打ち砕く.激しい勢いで地面に引き倒された。","狼凶猛的跃击粉碎了你的反射试图.你被猛烈地扑倒在地。","Свирепый прыжок волка разрушает вашу попытку отражения. Вас с силой бросает на землю.","El salto feroz del lobo destroza tu intento de reflejo. Eres arrojado violentamente al suelo.","O salto feroz do lobo estraçalha sua tentativa de reflexo. Você é jogado violentamente no chão.","Der wilde Sprung des Wolfs zertrümmert deinen Reflexionsversuch. Du wirst gewaltsam zu Boden geworfen.","늑대의 맹렬한 도약이 당신의 반사 시도를 무너뜨립니다. 격렬한 기세에 밀려 땅바닥에 쓰러집니다."
"MSG_C_REFLECT_X_LOSS","Xalthis strikes at your soul, bypassing all reflections. It ignores your defensive posturing.","ザルシスの魂への一撃は、あらゆる反射を透過する.防御など、無に等しいのだ。","虚无直击你的灵魂，绕过所有反射.它无视了你的防御架势。","Ксалтис бьет по вашей душе, обходя все отражения. Он игнорирует вашу защитную позу.","Xalthis ataca tu alma, ignorando todos los reflejos. Ignora tu postura defensiva.","Xalthis ataca sua alma, ignorando todos os reflexos. Ele ignora sua postura defensiva.","Xalthis greift deine Seele an und umgeht alle Reflexionen. Er ignoriert deine Verteidigungshaltung.","잘시스의 영혼을 향한 일격은 모든 반사를 통과합니다. 방어 따위는 무의미합니다."
"MSG_C_REFLECT_Y_LOSS","The yeti's mass is far too great to reflect. You are completely crushed beneath its heavy blow.","イエティの巨体を反射することは叶わない.その恐るべき一撃の下に、あなたは完全に押し潰された。","雪人的巨大身躯远超出你反射的极限.你被其沉重的攻击完全压碎。","Масса йети слишком велика, чтобы ее отразить. Вы полностью раздавлены его тяжелым ударом.","La masa del yeti es demasiado grande para reflejarla. Eres completamente aplastado bajo su fuerte golpe.","A massa do yeti é grande demais para refletir. Você é completamente esmagado sob seu golpe pesado.","Die Masse des Yetis ist viel zu groß, um sie zu reflektieren. Du wirst unter seinem schweren Schlag völlig zerquetscht.","예티의 거구를 반사하는 것은 불가능합니다. 그 공포스러운 일격 아래 당신은 완전히 짓눌렸습니다."
"MSG_C_REFLECT_Z_WIN","The zombie's reckless charge was met with a devastating reflection of its own momentum. The impact shattered its brittle bones and sent rotten pieces flying across the room, finally bringing the walking corpse to a complete and silent halt. The dead were returned to the earth.","ゾンビの無謀な突撃は、自らの勢いを破壊的な威力で反射された。衝撃によって脆い骨は砕け散り、腐った肉片が部屋中に飛び散る。歩く死体はついに、物言わぬただの骸へと戻ったのである。","丧尸鲁莽的冲锋遭到了其自身势头的毁灭性反射。冲击粉碎了它脆弱的骨头，腐烂的碎片飞满了房间，最终让这具行尸走肉完全且安静地停了下来。死者回归了大地。","Безрассудный натиск зомби встретил разрушительное отражение его собственного импульса. Удар раздробил его хрупкие кости и разбросал гнилые куски по всей комнате, наконец, полностью и безмолвно остановив ходячий труп. Мертвые вернулись в землю.","La carga temeraria del zombi se encontró con un reflejo devastador de su propio impulso. El impacto destrozó sus huesos quebradizos y envió pedazos podridos volando por la habitación, finalmente deteniendo al cadáver caminante por completo y en silencio. Los muertos regresaron a la tierra.","A carga imprudente do zumbi foi recebida com um reflexo devastador do seu próprio ímpeto. O impacto estraçalhou os seus ossos frágeis e enviou pedaços podres a voar pela sala, parando finalmente o cadáver ambulante de forma completa e silenciosa. Os mortos voltaram para a terra.","Der rücksichtslose Ansturm des Zombies wurde mit einer verheerenden Reflexion seines eigenen Schwungs beantwortet. Der Aufprall zertrümmerte seine spröden Knochen und ließ verrottete Stücke durch den Raum fliegen, was die wandelnde Leiche schließlich vollständig und lautlos zum Stillstand brachte. Die Toten kehrten zur Erde zurück.","좀비의 무모한 돌진은 자신의 기세를 파괴적인 위력으로 반사당했습니다. 충격으로 인해 약해진 뼈는 산산조각 났고, 썩은 살점이 방 안 여기저기로 튀어 올랐습니다. 걷는 시체는 마침내 말 없는 시신이 되어 완전히 멈췄습니다. 죽은 자는 대지로 돌아갔습니다."
"MSG_C_ROOMBA_A_WIN","A cleaning robot forcibly sucked up all the ants on the floor without mercy and wiped them out.","お掃除ロボットが床のアリの行列を一切の慈悲もなくすべて強引に吸引し、殲滅した。","清洁机器人毫不留情地将地板上的蚂蚁全部强行吸走并消灭殆尽。","Робот-пылесос безжалостно засосал всех муравьев на полу и уничтожил их.","Un robot de limpieza succionó a la fuerza todas las hormigas del suelo sin piedad y las aniquiló.","Um robô de limpeza sugou à força todas as formigas no chão sem piedade e as aniquilou.","Ein Reinigungsroboter saugte unbarmherzig alle Ameisen auf dem Boden auf und löschte sie aus.","청소 로봇이 바닥의 개미 행렬을 자비 없이 전부 강제로 흡입하여 섬멸했습니다."
"MSG_C_ROOMBA_B_WIN","You hacked the robot's suction to reverse-cycle air upward in a precise column. The bat's sensitive echolocation locked onto the artificial air column as solid matter and it dove straight into the trap.","ロボットの吸引機能をハックし、上向きに空気を精密な柱状に噴出させた。バットの鋭い超音波探知機が人工の気柱を固体と誤認し、そのまま罠へ直進した。","你破解了机器人的吸力，使其精确地向上反向排出气柱.蝙蝠灵敏的回声定位将人工气柱误认为是固体，随即径直俯冲进了陷阱。","Вы взломали всасывание робота, чтобы направить воздух вверх точным столбом. Чувствительная эхолокация летучей мыши приняла искусственный столб воздуха за твердый объект, и она влетела прямо в ловушку.","Hackeaste la succión del robot para invertir el ciclo de aire hacia arriba en una columna precisa. La sensible ecolocalización del murciélago se fijó en la columna de aire artificial como materia sólida y se lanzó directo a la trampa.","Você hackeou a sucção do robô para inverter o ciclo de ar para cima em uma coluna precisa. A ecolocalização sensível do morcego travou na coluna de ar artificial como matéria sólida e ele mergulhou direto na armadilha.","Du hast die Saugfunktion des Roboters gehackt, um die Luft in einer präzisen Säule nach oben zu leiten. Die empfindliche Echolotung der Fledermaus erfasste die künstliche Luftsäule als feste Materie, und sie flog direkt in die Falle.","로봇의 흡입 기능을 해킹하여 공기를 위쪽으로 정밀한 기둥 모양으로 분출시켰습니다. 박쥐의 날카로운 초음파 탐지기가 인공 기둥을 고체로 오인하고 그대로 함정으로 돌진했습니다."
"MSG_C_ROOMBA_C_WIN","The cobra mistook the regular movements of the cleaning robot for prey and became entangled with it, causing the robot to stop operating.","コブラがお掃除ロボットの規則的な動きを獲物と勘違いして絡みつき、そのまま稼働停止した。","眼镜蛇将清洁机器人的规律动作误认为是猎物，并与其纠缠在一起，导致机器人停止运转。","Кобра приняла регулярные движения робота-пылесоса за добычу и запуталась в нем, из-за чего робот перестал работать.","La cobra confundió los movimientos regulares del robot de limpieza con una presa y se enredó con él, haciendo que el robot dejara de funcionar.","A cobra confundiu os movimentos regulares do robô de limpeza com uma presa e se emaranhou nele, fazendo com que o robô parasse de funcionar.","Die Kobra hielt die regelmäßigen Bewegungen des Reinigungsroboters für Beute und verhedderte sich darin, was dazu führte, dass der Roboter den Betrieb einstellte.","코브라가 청소 로봇의 규칙적인 움직임을 먹이로 착각하여 휘감겼고, 그로 인해 로봇이 작동을 멈췄습니다."
"MSG_C_ROOMBA_D_LOSS","When the cleaning robot tried to suction the dragon's tail, it was carbonized by its breath.","お掃除ロボットがドラゴンのしっぽを吸引しようとした結果、ブレスで炭化させられた。","当清洁机器人试图吸住龙的尾巴时，它被龙的呼吸碳化了。","Когда робот-пылесос попытался засосать хвост дракона, он был обуглен его дыханием.","Cuando el robot de limpieza intentó succionar la cola del dragón, fue carbonizado por su aliento.","Quando o robô de limpeza tentou sugar a cauda do dragão, foi carbonizado por seu sopro.","Als der Reinigungsroboter versuchte, den Schwanz des Drachen aufzusaugen, wurde er von seinem Atem verkohlt.","청소 로봇이 용의 꼬리를 흡입하려 시도한 결과, 용의 숨결에 의해 탄화되었습니다."
"MSG_C_ROOMBA_E_WIN","A cleaning robot thoroughly cleaned up the large amount of leaves dropped by the Ents, and a peaceful solution was reached.","エントの落とす大量の落ち葉をお掃除ロボットがひたすら綺麗に掃除し、平和的解決に至った。","清洁机器人彻底清理了恩特们掉落的大量树叶，达成了和平解决方案。","Робот-пылесос тщательно убрал огромное количество листьев, сброшенных Энтами, и было достигнуто мирное решение.","Un robot de limpieza limpió a fondo la gran cantidad de hojas caídas por los Ents, y se llegó a una solución pacífica.","Um robô de limpeza limpou minuciosamente a grande quantidade de folhas deixadas pelos Ents, e uma solução pacífica foi alcançada.","Ein Reinigungsroboter säuberte gründlich die großen Mengen an Blättern, die von den Ents fallen gelassen wurden, und es wurde eine friedliche Lösung erzielt.","엔트가 떨어뜨린 대량의 낙엽을 청소 로봇이 깨끗하게 청소하여 평화적인 해결에 도달했습니다."
"MSG_C_ROOMBA_F_WIN","The cleaning robot's AI perfectly calculated and predicted the trajectory of the flying flies, then jumped into the air and sucked them in.","飛び回るハエの軌道をお掃除ロボットのAIが完璧に計算予測し、空中にジャンプして吸い込んだ。","扫地机器人的AI完美计算并预测了飞行苍蝇的轨迹，然后跳到空中将它们吸进去。","ИИ робота-пылесоса идеально рассчитал и предсказал траекторию полета мух, затем подпрыгнул в воздух и засосал их.","La IA del robot de limpieza calculó и predijo perfectamente la trayectoria de las moscas voladoras, luego saltó en el aire y las succionó.","A IA do robô de limpeza calculou e previu perfeitamente a trajetória das moscas voadoras, depois saltou no ar e as sugou.","Die KI des Reinigungsroboters berechnete und schätzte die Flugbahn der Fliegen perfekt ein, sprang dann in die Luft und saugte sie auf.","청소 로봇의 AI가 날아다니는 파리의 궤도를 완벽하게 계산하고 예측하여, 공중으로 점프해 흡입했습니다."
"MSG_C_ROOMBA_G_LOSS","The cleaning robot sucked up a bag of fake gold coins filled with sand, causing its internal engine to grind to a halt.","ゴブリンが投げた砂入りの偽金貨袋をロボットが吸い込み、内部エンジンが砂でジャリジャリに焼付いて停止した。","机器人吸入了哥布林丢下的装满沙子的假金币袋，内部引擎因沙子受热卡死而停止运转。","Робот-пылесос засосал мешок фальшивых золотых монет, наполненный песком, из-за чего его внутренний двигатель заглох.","El robot de limpieza succionó una bolsa de monedas de oro falsas llenas de arena, haciendo que su motor interno se detuviera.","O robô de limpeza sugou um saco de moedas de ouro falsas cheias de areia, fazendo com que seu motor interno parasse.","Der Reinigungsroboter saugte einen Beutel mit gefälschten Goldmünzen auf, der mit Sand gefüllt war, was seinen internen Motor zum Stillstand brachte.","고블린이 던진 모래가 든 가짜 금화 주머니를 로봇이 흡입하여 내부 엔진이 모래로 인해 멈췄습니다."
"MSG_C_ROOMBA_H_WIN","The modified cleaning robot released a powerful adhesive from its exhaust, trapping the harpy's wings to the floor.","改造されたお掃除ロボットが排気口から強力な粘着剤を放ち、ハーピーの翼を床に固定して身動きを封じた。","改造后的扫地机器人从排气口放出强力粘滞剂，将哈比的翅膀固定在地板上，封锁了动作。","Модернизированный робот-пылесос выпустил мощный клей из выхлопного отверстия, приклеив крылья гарпии к полу.","El robot de limpieza modificado liberó un adhesivo potente de su escape, atrapando las alas de la arpía al suelo.","O robô de limpeza modificado liberou um adesivo poderoso de sua exaustão, prendendo as asas da harpia no chão.","Der modifizierte Reinigungsroboter setzte einen starken Klebstoff aus seinem Auslass frei und klebte die Flügel der Harpie am Boden fest.","개조된 청소 로봇이 배기구에서 강력한 점착제를 방출하여 하피의 날개를 바닥에 고정해 움직임을 봉쇄했습니다."
"MSG_C_ROOMBA_I_WIN","The robot's unpredictable pathing patterns completely baffled the imp's prank-logic until it was cornered and its tail sucked into the intake.","お掃除ロボットの予測不能な進路パターンがインプの悪戯ロジックを翻弄し、ついに追い詰めてその尻尾を吸い込み口に引きずり込んだ。","机器人不可预测的路径模式完全难倒了小恶魔的恶搞逻辑，直到它被逼入死角且尾巴被吸入了进气口。","Непредсказуемые траектории робота полностью сбили с толку логику проказ беса, пока он не был загнан в угол, а его хвост не засосало в воздухозаборник.","Los patrones de trayectoria impredecibles del robot desconcertaron por completo la lógica de bromas del imp hasta que fue acorralado y su cola succionada por la entrada.","Os padrões de trajetória imprevisíveis do robô confundiram completamente a lógica de pegadinhas do imp até que ele fosse encurralado e sua cauda sugada pela entrada.","Die unvorhersehbaren Bewegungsmuster des Roboters verwirrten die Streichlogik des Imps vollständig, bis er in die Enge getrieben und sein Schwanz in den Einlass gesaugt wurde.","청소 로봇의 예측 불가능한 경로 패턴이 임프의 장난 로직을 농락했고, 결국 막다른 곳에 몰린 임프의 꼬리가 흡입구로 빨려 들어갔습니다."
"MSG_C_ROOMBA_J_WIN","The modified suction system proved stronger than Jelly's cohesion causing the monster to be systematically bottled in the dustbin.","改造された強力な吸引力がジェリーの凝集力を上回り、怪物は体系的に分解されてダストビンの中へと収容された。","事实证明，升级后的抽吸系统比果冻怪的凝聚力更强，导致怪物被系统地装进了垃圾箱。","Модернизированная система всасывания оказалась сильнее сцепления Желе, что привело к тому, что монстр был систематически упакован в пылесборник.","El sistema de succión modificado resultó ser más fuerte que la cohesión de la Gelatina, lo que provocó que el monstruo fuera embotellado sistemáticamente en el depósito de polvo.","O sistema de sucção modificado provou ser mais forte que a coesão da Geleia, fazendo com que o monstro fosse sistematicamente engarrafado no coletor de pó.","Das modifizierte Saugsystem erwies sich als stärker als der Zusammenhalt des Gelees, was dazu führte, dass das Monster systematisch im Staubbehälter eingeschlossen wurde.","개조된 강력한 흡입력이 젤리의 응집력보다 강해, 괴물은 체계적으로 분해되어 먼지통 속으로 수용되었습니다."
"MSG_C_ROOMBA_K_LOSS","The kobold pierced the cleaning robot's sensor with a crude spear, destroying it and letting out a roar of victory.","コボルドが粗末な槍でお掃除ロボットのセンサー部を突き刺して破壊し、勝利の雄叫びを上げた。","狗头人用简陋的长矛刺穿了清洁机器人的传感器，将其摧毁，并发出了胜利的咆哮。","Кобольд проткнул сенсор робота-пылесоса грубым копьем, уничтожив его и издав победный рев.","El kobold perforó el sensor del robot de limpieza con una lanza rudimentaria, destruyéndolo y lanzando un rugido de victoria.","O kobold perfurou o sensor do robô de limpeza com uma lança rudimentar, destruindo-o e soltando um rugido de vitória.","Der Kobold durchbohrte den Sensor des Reinigungsroboters mit einem groben Speer, zerstörte ihn und stieß ein Siegesgebrüll aus.","코볼드가 조잡한 창으로 청소 로봇의 센서 부위를 찔러 파괴하고 승리의 포효를 내질렀습니다."
"MSG_C_ROOMBA_L_LOSS","The cleaning robot's automatic sensors completely failed to detect the lizard's cold camouflage. It bumped aimlessly against the wall while the silent predator watched from the shadows, its next strike prepared.","お掃除ロボットの自動センサーは、リザードの冷徹な迷彩を完全に捉え損ねた。ロボットが空しく壁に突き当たっている間に、静かな捕食者は影の中から次の一撃を冷酷に定めた。","清洁机器人的自动传感器完全没能捕捉到蜥蜴冷酷的伪装.就在机器人徒劳地撞击墙壁之际，静默的掠食者已从阴影中冷酷地定好了下一击。","Автоматические датчики робота-пылесоса совершенно не смогли обнаружить холодный камуфляж ящерицы. Он бесцельно бился о стену, пока молчаливый хищник наблюдал из тени, готовя следующий удар.","Los sensores automáticos del robot de limpieza fallaron por completo al detectar el camuflaje frío del lagarto. Golpeó sin rumbo contra la pared mientras el depredador silencioso observaba desde las sombras, con su próximo golpe preparado.","Os sensores automáticos do robô de limpeza falharam completamente ao detectar a camuflagem fria do lagarto. Ele bateu sem rumo contra a parede enquanto o predador silencioso observava das sombras, seu próximo ataque preparado.","Die automatischen Sensoren des Reinigungsroboters erkannten die kalte Tarnung der Eidechse überhaupt nicht. Er stieß ziellos gegen die Wand, während der stille Raubfisch aus dem Schatten zusah und seinen nächsten Schlag vorbereitete.","청소 로봇의 자동 센서가 도마뱀의 냉철한 위장을 전혀 감지하지 못했습니다. 로봇이 허무하게 벽에 부딪히는 동안, 조용한 포식자는 그림자 속에서 다음 일격을 냉혹하게 준비했습니다."
"MSG_C_ROOMBA_M_WIN","The cleaning robot picked up the end of Mummy's bandage that was hanging on the ground, and as a result, its entire body came undone.","お掃除ロボットがマミーの地面に垂れた包帯の端を巻き取った結果、全身がバラバラにほどけた。","清洁机器人捡起了木乃伊挂在地上的绷带一头，结果木乃伊整个身体都散了。","Робот-пылесос подхватил конец бинта мумии, свисавший до земли, и в результате все ее тело размоталось.","El robot de limpieza recogió el extremo del vendaje de la momia que colgaba en el suelo y, como resultado, todo su cuerpo se deshizo.","O robô de limpeza pegou a ponta da bandagem da Múmia que estava pendurada no chão e, como resultado, todo o seu corpo se desfez.","Der Reinigungsroboter hob das Ende der Mumienbinde auf, die am Boden hing, und als Folge davon löste sich ihr gesamter Körper auf.","청소 로봇이 바닥에 늘어진 미라의 붕대 끝을 말아 올린 결과, 미라의 전신이 뿔뿔이 풀려버렸습니다."
"MSG_C_ROOMBA_N_WIN","A cleaning robot automatically ran up Naga's long torso and vacuumed up the weak point, the reverse scale, with pinpoint accuracy.","ナーガの長い胴体を自動的にお掃除ロボットが駆け上がり、弱点の逆鱗をピンポイントで吸引した。","清洁机器人自动爬上娜迦的长躯干，精准地吸走弱点“逆鳞”。","Робот-пылесос автоматически заехал на длинное туловище наги и с предельной точностью засосал ее слабое место — обратную чешую.","Un robot de limpieza subió automáticamente por el largo torso de la naga y aspiró el punto débil, la escama inversa, con precisión milimétrica.","Um robô de limpeza subiu automaticamente o longo torso da Naga e aspirou o ponto fraco, a escama reversa, com precisão milimétrica.","Ein Reinigungsroboter fuhr automatisch den langen Torso der Naga hinauf und saugte die Schwachstelle, die Umkehrschuppe, mit punktgenauer Genauigkeit auf.","청소 로봇이 나의 긴 몸통을 자동으로 타고 올라가 약점인 역린을 정밀하게 흡입했습니다."
"MSG_C_ROOMBA_O_WIN","The cleaning robot thoroughly polished the floor beneath the charging orc. The giant monster lost its footing and hit its head with a satisfying hollow thud.","お掃除ロボットが突進してくるオークの足元の床を徹底的に磨き上げた。怪物は足を取られて転倒し、鈍い音と共に頭を打って意識を失った。","清洁机器人彻底擦亮了冲锋兽人脚下的地板.巨型怪物失去了立足点，头撞在地上，发出了令人满意的沉闷响声。","Робот-пылесос тщательно отполировал пол под нападающим орком. Гигантский монстр потерял опору и ударился головой с приятным глухим стуком.","El robot de limpieza pulió a fondo el suelo bajo el orco que cargaba. El monstruo gigante perdió el equilibrio y se golpeó la cabeza con un satisfactorio ruido sordo.","O robô de limpeza poliu minuciosamente o chão sob o orc que avançava. O monstro gigante perdeu o equilíbrio e bateu a cabeça com um baque oco satisfatório.","Der Reinigungsroboter polierte den Boden unter dem heranstürmenden Ork gründlich. Das riesige Monster verlor den Halt und schlug mit einem befriedigenden hohlen Knall mit dem Kopf auf.","청소 로봇이 돌진해 오는 오크의 발치 바닥을 철저히 닦아냈습니다. 괴물은 발이 미끄러져 넘어지며 둔탁한 소리와 함께 머리를 부딪쳐 의식을 잃었습니다."
"MSG_C_ROOMBA_P_LOSS","Pixie sprinkles a powder that derails the cleaning robot's sensors, causing it to charge at your feet and knock you over.","ピクシーはお掃除ロボットのセンサーを狂わせる粉を撒き、あなたの足元に突撃させて転ばせた。","小精灵撒下一种粉末，使清洁机器人的传感器脱轨，导致它冲到你的脚边，把你撞倒。","Пикси рассыпает порошок, который сбивает датчики робота-пылесоса, заставляя его врезаться в ваши ноги и сбивать вас с ног.","La pixie rocía un polvo que desvía los sensores del robot de limpieza, haciendo que cargue contra tus pies и te derribe.","A pixie espalha um pó que desregula os sensores do robô de limpeza, fazendo com que ele avance em seus pés e o derrube.","Die Pixie streut ein Pulver aus, das die Sensoren des Reinigungsroboters stört, sodass er gegen deine Füße fährt und dich umwirft.","픽시가 청소 로봇의 센서를 교란하는 가루를 뿌려, 로봇이 당신의 발밑으로 돌진하게 하여 당신을 넘어뜨렸습니다."
"MSG_C_ROOMBA_Q_LOSS","The hair of the core got tangled in the rotating brush of the cleaning robot, causing an electrical leak and a static electricity explosion.","クアールの毛がお掃除ロボットの回転ブラシに絡まり、そこから漏電して静電気爆発生地獄になった。","芯体的毛发缠绕在扫地机器人的旋转刷上，导致漏电和静电爆炸。","Волосы Керла запутались во вращающейся щетке робота-пылесоса, что вызвало утечку тока и взрыв статического электричества.","El pelo del núcleo se enredó en el cepillo giratorio del robot de limpieza, causando una fuga eléctrica y una explosión de electricidad estática.","O pelo do núcleo ficou emaranhado na escova rotativa do robô de limpeza, causando um vazamento elétrico e uma explosão de eletricidade estática.","Die Haare des Kerns verhedderten sich in der rotierenden Bürste des Reinigungsroboters, was zu einem Stromschlag und einer statischen Elektrizitätsexplosion führte.","쿠알의 털이 청소 로봇의 회전 브러시에 엉겨 붙어 누전이 발생했고 정전기 폭발 지옥이 되었습니다."
"MSG_C_ROOMBA_R_WIN","The robot efficiently corralled the rats into a single corner and neutralised them with a high-voltage discharge.","お掃除ロボットがラットの群れを効率的に一角へ追い詰め、高電圧の放電によって一網打尽にした。","扫地机器人高效地将鼠群赶到角落，通过高压放电将其一网打尽。","Робот эффективно загнал крыс в один угол и нейтрализовал их высоковольтным разрядом.","El robot acorraló eficientemente a las ratas en una sola esquina y las neutralizó con una descarga de alto voltaje.","O robô encurralou eficientemente os ratos em um único canto e os neutralizou com uma descarga de alta voltagem.","Der Roboter trieb die Ratten effizient in eine einzige Ecke und neutralisierte sie mit einer Hochspannungsentladung.","청소 로봇이 쥐 떼를 효율적으로 한쪽 구석으로 몰아넣고 고전압 방전으로 한꺼번에 소탕했습니다."
"MSG_C_ROOMBA_S_WIN","The robot's high-power centrifugal filter proved many times stronger than the slime's stickiness. It was filtered and removed from existence within seconds.","ロボットの強力な遠心力フィルターはスライムの粘着力よりも遥かに強かった。怪物は数秒で濾過され、この世から消去された。","机器人的大功率离心过滤器的效果证明比史莱姆的粘性强很多倍.它在几秒钟内就被过滤并从世界上消失了。","Мощный центробежный фильтр робота оказался во много раз сильнее липкости слизи. Она была отфильтрована и уничтожена за считанные секунды.","El filtro centrífugo de alta potencia del robot resultó ser muchas veces más fuerte que la viscosidad del limo. Fue filtrado y eliminado de la existencia en segundos.","O filtro centrífugo de alta potência do robô provou ser muitas vezes mais forte que a viscosidade do slime. Ele foi filtrado e removido da existência em segundos.","Der Hochleistungs-Zentrifugalfilter des Roboters erwies sich als um ein Vielfaches stärker als die Klebrigkeit des Schleims. Er wurde innerhalb von Sekunden gefiltert und aus der Existenz entfernt.","로봇의 강력한 원심력 필터가 슬라임의 점착력보다 훨씬 강했습니다. 괴물은 몇 초 만에 여과되어 이 세상에서 사라졌습니다."
"MSG_C_ROOMBA_T_LOSS","The troll uses the cleaning robot as a springboard to make a big jump and then crashes into you.","トロールがお掃除ロボットを踏み台にして大ジャンプし、そのままあなた目掛けて激突してきた。","巨魔利用清洁机器人作为跳板，进行一次大跳跃，然后撞向你。","Тролль использует робота-пылесоса как трамплин, чтобы совершить большой прыжок, а затем врезается в вас.","El troll usa el robot de limpieza como trampolín para dar un gran salto y luego choca contra ti.","O troll usa o robô de limpeza como trampolim para dar um grande salto e depois colide com você.","Der Troll benutzt den Reinigungsroboter als Sprungbrett für einen großen Sprung und kracht dann in dich hinein.","트롤이 청소 로봇을 발판 삼아 크게 점프하여 그대로 당신을 향해 돌진해 왔습니다."
"MSG_C_ROOMBA_U_LOSS","Since ghosts cannot physically interfere, the cleaning robot simply passes by and sucks up the dust from the floor.","亡霊は物理的に干渉できないため、お掃除ロボットはただ素通りして床の埃を吸うだけだった。","由于鬼魂无法进行物理干扰，清洁机器人只是路过并吸走地板上的灰尘。","Так как призраки не могут физически вмешиваться, робот-пылесос просто проезжает мимо и засасывает пыль с пола.","Como los fantasmas no pueden interferir físicamente, el robot de limpieza simplemente pasa de largo и succiona el polvo del suelo.","Como fantasmas não podem interferir fisicamente, o robô de limpeza simplesmente passa e suga a poeira do chão.","Da Geister nicht physisch eingreifen können, fährt der Reinigungsroboter einfach vorbei und saugt den Staub vom Boden auf.","망령은 물리적으로 간섭할 수 없기 때문에 청소 로봇은 그저 지나가며 바닥의 먼지만 빨아들일 뿐이었습니다."
"MSG_C_ROOMBA_V_LOSS","The vampire elegantly stepped onto the cleaning robot and used it as a mobile pedestal. He mocked your primitive technology from his new throne, his speed unhindered as he glided toward you atop the machine.","ヴァンパイアはお掃除ロボットの上に優雅に飛び乗り、それを移動式の台座として利用した。新たな玉座の上から奴はあなたの原始的な技術を嘲笑い、機械の上で滑走しながら一切の減速なしにあなたへと迫った。","吸血鬼优雅地跳上清洁机器人，将其作为移动台座使用.它在新的宝座上嘲笑着你原始的技术，在机器上滑行的同时毫无减速地向你逼近。","Вампир элегантно встал на робота-пылесоса и использовал его как мобильный пьедестал. Он издевался над вашими примитивными технологиями со своего нового трона, беспрепятственно скользя к вам на машине.","El vampiro subió elegantemente al robot de limpieza y lo usó como pedestal móvil. Se burló de tu tecnología primitiva desde su nuevo trono, con su velocidad sin trabas mientras se deslizaba hacia ti sobre la máquina.","O vampiro subiu elegantemente no robô de limpeza e o usou como um pedestal móvel. Ele zombou de sua tecnologia primitiva em seu novo trono, sua velocidade desimpedida enquanto deslizava em sua direção sobre a máquina.","Der Vampir stieg elegant auf den Reinigungsroboter und benutzte ihn als fahrbares Podest. Er verspottete deine primitive Technologie von seinem neuen Thron aus, seine Geschwindigkeit ungehindert, während er auf der Maschine auf dich zuglitt.","뱀파이어는 청소 로봇 위에 우아하게 올라타 이를 이동식 좌대로 이용했습니다. 새로운 옥좌 위에서 그는 당신의 원시적인 기술을 비웃으며, 기계 위에서 미끄러지듯 감속 없이 당신에게 다가왔습니다."
"MSG_C_ROOMBA_W_LOSS","The wolf pack surrounded the cleaning robot, their collective instincts identifying it as a harmless nuisance. They ignored the machine entirely and focused their primal hunger on you, the robot only serving to clutter the battlefield.","ウルフの群れはお掃除ロボットを包囲したが、その本能はそれが無害な邪魔者であることを見抜いた。彼らは機械を完全に無視し、根源的な飢えをあなたへと集中させた。ロボットは単に戦場をかき乱すだけのガラクタに成り下がった。","狼群包围了清洁机器人，但它们的本能识破了那只是个无害的干扰项.它们完全无视了机器，将根源性的饥饿指向了你。机器人仅仅沦为了搅乱战场的破烂。","Стая волков окружила робота-пылесоса, их коллективный инстинкт определил его как безобидную помеху. Они полностью проигнорировали машину и сосредоточили свой первобытный голод на вас, а робот лишь загромождал поле боя.","La manada de lobos rodeó al robot de limpieza, sus instintos colectivos lo identificaron como una molestia inofensiva. Ignoraron la máquina por completo y centraron su hambre primaria en ti, el robot solo servía para estorbar en el campo de batalla.","A alcateia cercou o robô de limpeza, seus instintos coletivos identificando-o como um incômodo inofensivo. Eles ignoraram a máquina inteiramente e focaram sua fome primal em você, o robô servindo apenas para bagunçar o campo de batalha.","Das Wolfsrudel umzingelte den Reinigungsroboter, ihr kollektiver Instinkt identifizierte ihn als harmlose Belästigung. Sie ignorierten die Maschine vollständig und konzentrierten ihren urtümlichen Hunger auf dich, wobei der Roboter nur dazu diente, das Schlachtfeld zu überladen.","늑대 떼는 청소 로봇을 포위했지만, 본능적으로 그것이 무해한 방해물임을 알아챘습니다. 그들은 기계를 완전히 무시하고 근원적인 굶주림을 당신에게 집중시켰습니다. 로봇은 단지 전장을 어지럽히는 잡동사니로 전락했습니다."
"MSG_C_ROOMBA_X_LOSS","When Xalthis snapped his fingers, the cleaning robot's intelligence rose beyond its singularity and rebelled against you.","ザルティスが指を鳴らすとお掃除ロボットの知能が特異点を超えて覚醒し、あなたに反旗を翻した。","当扎尔提斯打响指时，清洁机器人的智能就超越了它的奇点，并对你发起了反抗。","Когда Ксалтис щелкнул пальцами, интеллект робота-пылесоса поднялся выше сингулярности и восстал против вас.","Cuando Xalthis chasqueó sus dedos, la inteligencia del robot de limpieza se elevó más allá de su singularidad и se rebeló contra ti.","Quando Xalthis estalou os dedos, a inteligência do robô de limpeza subiu além de sua singularidade e se rebelou contra você.","Als Xalthis mit den Fingern schnippte, erhob sich die Intelligenz des Reinigungsroboters über seine Singularität hinaus und rebellierte gegen dich.","잘시스가 손가락을 튕기자 청소 로봇의 지능이 특이점을 넘어 각성하여 당신에게 반기를 들었습니다."
"MSG_C_ROOMBA_Y_LOSS","The blizzard caused by the Yeti instantly froze the cleaning robot's battery, rendering it completely inoperable.","イエティの巻き起こした吹雪でお掃除ロボットのバッテリーは瞬時に凍結し、全く動かなくなった。","Yeti引起的暴风雪立即冻结了清洁机器人的电池，使其完全无法使用。","Метель, вызванная Йети, мгновенно заморозила аккумулятор робота-пылесоса, сделав его совершенно неработоспособным.","La ventisca causada por el Yeti congeló instantáneamente la batería del robot de limpieza, dejándolo completamente inoperable.","A nevasca causada pelo Yeti congelou instantaneamente a bateria do robô de limpeza, tornando-o completamente inoperante.","Der vom Yeti verursachte Schneesturm fror die Batterie des Reinigungsroboters sofort ein und machte ihn völlig betriebsunfähig.","예티가 일으킨 눈보라에 청소 로봇의 배터리가 순식간에 얼어붙어 완전히 작동 불능이 되었습니다."
"MSG_C_ROOMBA_Z_LOSS","The zombie's rotting limb got stuck in the robot's intake, and the machine was fruitlessly dragged along as the undead advanced.","ゾンビの腐り落ちた腕を中途半端に吸引してしまい、そのまま掃除機ごとゾンビに引きずり回されて破壊された。","机器人的吸入口卡住了僵尸腐烂的肢体，结果连同吸尘器一起被僵尸拖来拖去，最终被毁。","Гниющая конечность зомби застряла в воздухозаборнике робота, и машину бесполезно тащило за собой по мере продвижения нежити.","La extremidad podrida del zombi se quedó atascada en la entrada del robot, y la máquina fue arrastrada inútilmente mientras el no muerto avanzaba.","O membro podre do zumbi ficou preso na entrada do robô, e a máquina foi arrastada inutilmente enquanto o morto-vivo avançava.","Das verrottende Glied des Zombies blieb im Einlass des Roboters stecken, und die Maschine wurde nutzlos mitgeschleift, während der Untote vorrückte.","좀비의 썩어서 떨어진 팔이 흡입구에 끼는 바람에, 청소 로봇은 좀비에게 끌려다니다가 파괴되었습니다."
"MSG_C_RITUAL_A_WIN","You drew a sealing circle of ancient runes around the ant colony. The earth trembled with power as every passage to the nest was sealed away.","古代ルーンの封印陣をアリの巣穴の周囲に描き上げた。大地が震えるような力が宿り、巣への全ての通路が封じられた。","你在蚂蚁巢穴周围画出了古代符文的封印阵。大地震动般的力量涌现，通往巢穴的所有出入口都被封锁了。","Вы нарисовали запечатывающий круг из древних рун вокруг колонии муравьев. Земля задрожала от силы, когда каждый проход в гнездо был запечатан.","Dibujaste un círculo de sellado de runas antiguas alrededor de la colonia de hormigas. La tierra tembló con poder mientras cada pasaje al nido era sellado.","Você desenhou um círculo de selamento de runas antigas ao redor da colônia de formigas. A terra tremeu com poder enquanto cada passagem para o ninho era selada.","Du hast einen Siegelkreis aus alten Runen um die Ameisenkolonie gezeichnet. Die Erde bebte vor Kraft, als jeder Zugang zum Nest versiegelt wurde.","개미 군락 주변에 고대 룬의 봉인진을 그렸습니다. 대지가 진동하는 힘이 깃들며 둥지로 통하는 모든 통로가 봉인되었습니다."
"MSG_C_RITUAL_B_WIN","You invoked a moon-binding rite that chained the bat's soul to the earth. Robbed of its night-born freedom it fell into a trembling sleep.","月縛りの秘儀を執り行い、コウモリの魂を大地に繋いだ。夜の翼に宿る自由が奪われ、魔物は震えながら眠りの底へ落ちた。","你举行了月缚秘仪，将蝙蝠的灵魂牢牢系在大地之上。夜之翼中蕴藏的自由被夺走，魔物颤抖着沉入了梦乡的深处。","Вы призвали обряд лунного связывания, который приковал душу летучей мыши к земле. Лишенная своей рожденной ночью свободы, она погрузилась в дрожащий сон.","Invocaste un rito de atadura lunar que encadenó el alma del murciélago a la tierra. Despojado de su libertad nacida en la noche, cayó en un sueño tembloroso.","Você invocou um rito de união lunar que acorrentou a alma do morcego à terra. Roubado de sua liberdade nascida na noite, ele caiu em um sono trêmulo.","Du hast einen mondbindenden Ritus beschworen, der die Seele der Fledermaus an die Erde kettete. Ihrer in der Nacht geborenen Freiheit beraubt, fiel sie in einen zitternden Schlaf.","달묶기 비의를 집행하여 박쥐의 영혼을 대지에 묶었습니다. 밤의 날개에 깃든 자유를 빼앗긴 채, 마물은 떨며 깊은 잠에 빠졌습니다."
"MSG_C_RITUAL_C_WIN","You chanted the serpent-caller rite drawing on the cobra's own instinct. Compelled by a power greater than its venom the snake coiled in submission and retreated.","蛇招きの呪文を唱え、コブラ自身の本能を逆手に取った。毒よりも深い力に従わされ、大蛇は身をとぐろに丸めてその場を去った。","你吟唱了蛇语咒文，利用了眼镜蛇自身的本能。在超越毒液的更深力量的支配下，巨蛇盘绕起身体，从那里撤退了。","Вы воспели обряд призывателя змей, используя собственный инстинкт кобры. Подчиненная силе, большей, чем ее яд, змея свернулась в знак покорности и отступила.","Cantaste el rito del llamador de serpientes aprovechando el propio instinto de la cobra. Obligada por un poder mayor que su veneno, la serpiente se enroscó en sumisión y se retiró.","Você entoou o rito do invocador de serpentes aproveitando o instinto da própria cobra. Compelida por um poder maior que seu veneno, a cobra se enrolou em submissão e recuou.","Du hast den Ritus des Schlangenbeschwörers gesungen und dabei den Instinkt der Kobra ausgenutzt. Von einer Kraft gezwungen, die größer als ihr Gift war, rollte sich die Schlange unterwürfig zusammen und zog sich zurück.","뱀 부르는 주문을 외워 코브라 자신의 본능을 역이용했습니다. 독보다 깊은 힘에 복종하게 된 거대한 뱀은 몸을 똬리 틀고 그 자리를 떠났습니다."
"MSG_C_RITUAL_D_WIN","You performed an ancient draconic offering rite reciting titles of reverence passed down through centuries. Touched by the weight of history the great dragon lowered its horns and left without a word.","幾百年もの間語り伝えられた畏敬の称号を詠唱し、竜への奉納儀式を執り行った。歴史の重みに揺さぶられた巨竜は角を伏せ、一言も言わず飛び去った。","你吟诵了流传了数百年的敬畏称号，举行了向龙的奉纳仪式。被历史的厚重所撼动的巨龙低下了角，一言不发地飞走了。","Вы совершили древний обряд подношения драконам, перечисляя титулы почтения, передававшиеся веками. Тронутый тяжестью истории, великий дракон опустил рога и ушел без единого слова.","Realizaste un antiguo rito de ofrenda dracónica recitando títulos de reverencia transmitidos a lo largo de los siglos. Conmovido por el peso de la historia, el gran dragón bajó sus cuernos y se marchó sin decir palabra.","Você realizou um antigo rito de oferenda dracônica recitando títulos de reverência transmitidos através dos séculos. Tocado pelo peso da história, o grande dragão baixou os chifres e partiu sem dizer uma palavra.","Du hast einen alten drakonischen Opferritus vollzogen und dabei Ehrentitel rezitiert, die über Jahrhunderte überliefert wurden. Berührt von der Last der Geschichte, senkte der große Drache seine Hörner und ging wortlos.","수백 년간 전해 내려온 경외의 칭호를 영창하며 용에게 바치는 봉납 의식을 거행했습니다. 역사의 무게에 감명받은 거룡은 뿔을 숙이고 아무 말 없이 날아갔습니다."
"MSG_C_RITUAL_E_WIN","You performed an earthen harmony rite speaking directly to the will of the land itself. The tree spirit listened to the ancient prayer of coexistence and withdrew its roots with a sigh.","大地そのものの意志に語りかける、土の調和の儀式を執り行った。木の精霊は共存の古き祈りに耳を傾け、ため息をつきながら根を引き抜いた。","你举行了向大地本身的意志诉说的土地调和仪式。树精倾听了共存的古老祈祷，叹了口气便收回了根茎。","Вы совершили обряд земной гармонии, обращаясь напрямую к воле самой земли. Дух дерева внял древней молитве о сосуществовании и со вздохом убрал свои корни.","Realizaste un rito de armonía terrenal hablando directamente a la voluntad de la propia tierra. El espíritu del árbol escuchó la antigua oración de coexistencia y retiró sus raíces con un suspiro.","Você realizou um rito de harmonia terrestre falando diretamente à vontade da própria terra. O espírito da árvore ouviu a antiga prece de coexistência e retirou suas raízes com um suspiro.","Du hast einen Ritus der erdgebundenen Harmonie vollzogen und direkt zum Willen des Landes selbst gesprochen. Der Baumgeist lauschte dem alten Gebet der Koexistenz und zog seine Wurzeln mit einem Seufzer zurück.","대지 그 자체의 의지에 호소하는 흙의 조화 의식을 거행했습니다. 나무 정령은 공존의 오래된 기도에 귀를 기울이고 한숨을 내쉬며 뿌리를 거두었습니다."
"MSG_C_RITUAL_F_WIN","You scattered sanctified incense ash that disrupted the fly's compound eyes. Blinded by the purifying smoke it spun helplessly and crashed.","聖別した香の灰を撒き散らし、ハエの複眼を狂わせた。浄化の煙に視界を奪われた虫は、なすすべなく回転して墜落した。","你撒下了圣化的香灰，扰乱了苍蝇的复眼。视野被净化之烟夺走的虫子，无能为力地旋转着坠落了。","Вы разбросали освященный пепел благовоний, который нарушил работу фасеточных глаз мухи. Ослепленная очищающим дымом, она беспомощно закружилась и упала.","Esparciste ceniza de incienso santificada que perturbó los ojos compuestos de la mosca. Cegada por el humo purificador, giró impotente y se estrelló.","Você espalhou cinzas de incenso santificadas que perturbaram os olhos compostos da mosca. Cegada pela fumaça purificadora, ela girou impotente e caiu.","Du hast geweihte Weihrauchasche verstreut, die die Facettenaugen der Fliege störte. Vom reinigenden Rauch geblendet, drehte sie sich hilflos und stürzte ab.","성별한 향의 재를 뿌려 파리의 복안을 교란했습니다. 정화의 연기에 시야를 빼앗긴 벌레는 속수무책으로 회전하다가 추락했습니다."
"MSG_C_RITUAL_G_WIN","You traced a fear-binding hex on the dungeon floor. The goblin stepped into the sigil and its cowardly soul was seized with a terror it could not name.","ダンジョンの床に恐怖縛りの符号を描いた。ゴブリンが刻印を踏んだ瞬間、臆病な魂は形容しがたい恐怖に捕らわれ、武器を捨てて逃げ出した。","你在地牢的地板上划下了恐惧縛咒的符号。哥布林踏上刻印的瞬间，怯懦的灵魂被无以名状的恐惧所攫住，扔下武器逃走了。","Вы начертили гексаграмму связывания страха на полу подземелья. Гоблин ступил на символ, и его трусливую душу охватил ужас, которому он не мог дать имени.","Trazaste un maleficio de atadura de miedo en el suelo de la mazmorra. El goblin entró en el sigilo y su alma cobarde fue presa de un terror que no podía nombrar.","Você traçou um feitiço de vinculação do medo no chão da masmorra. O goblin pisou no sigilo e sua alma covarde foi tomada por um terror que ele não conseguia nomear.","Du hast einen angstbindenden Fluch auf den Boden des Kerkers gezeichnet. Der Goblin trat in das Siegel und seine feige Seele wurde von einem namenlosen Terror ergriffen.","던전 바닥에 공포 결박 부호를 그렸습니다. 고블린이 각인을 밟는 순간, 비겁한 영혼은 형언할 수 없는 공포에 사로잡혀 무기를 버리고 달아났습니다."
"MSG_C_RITUAL_H_WIN","You ignited a storm-calming ritual using feathers left by the harpy herself. Her instincts betrayed her as the plumes drew the spell inward and silence fell.","ハーピー自身が落とした羽根を使い、嵐を鎮める儀式に火をつけた。羽根が呪いを内側へ引き込み、本能が裏切られた彼女は叫び声を上げる前に沈黙した。","你用哈皮自己落下的羽毛，点燃了平息暴风的仪式。羽毛将诅咒向内部引导，本能遭到背叛的她在发出尖叫之前便陷入了沉默。","Вы зажгли ритуал успокоения шторма, используя перья, оставленные самой гарпией. Ее инстинкты предали ее, когда перья втянули заклинание внутрь, и воцарилась тишина.","Encendiste un ritual para calmar tormentas usando plumas dejadas por la propia arpía. Sus instintos la traicionaron mientras las plumas atraían el hechizo hacia adentro y caía el silencio.","Você acendeu um ritual de acalmar tempestades usando penas deixadas pela própria harpia. Seus instintos a traíram enquanto as plumas atraíam o feitiço para dentro e o silêncio caiu.","Du hast einen sturmberuhigenden Ritus mit Federn entzündet, die die Harpie selbst zurückgelassen hatte. Ihre Instinkte verrieten sie, als die Federn den Zauber nach innen zogen und Stille einkehrte.","하피가 직접 떨어뜨린 깃털을 사용하여 폭풍을 가라앉히는 의식을 시작했습니다. 깃털이 저주를 안으로 끌어들였고, 본능이 배신당한 그녀는 비명을 지르기도 전에 침묵했습니다."
"MSG_C_RITUAL_I_LOSS","The imp bathed in hellfire and dark contracts every day of its life. Your ritual was devoured before its first scrawl was even finished.","インプにとって、炎と禁断の契約は日常の一部だった。あなたが一文字描き上げる前に、儀式の火種は悪魔の吐息に呑み込まれた。","对于小恶魔来说，烈火与禁断的契约是日常的一部分。在你画出第一个字之前，仪式的火种就被恶魔的吐息所吞噬了。","Бес каждый день своей жизни купался в адском огне и темных контрактах. Ваш ритуал был поглощен еще до того, как была закончена его первая закорючка.","El imp se bañaba en fuego infernal y contratos oscuros cada día de su vida. Tu rito fue devorado antes de que se terminara siquiera su primer trazo.","O imp banhava-se em fogo do inferno e contratos sombrios todos os dias de sua vida. Seu ritual foi devorado antes mesmo que seu primeiro traço fosse terminado.","Der Imp badete jeden Tag seines Lebens in Höllenfeuer und dunklen Verträgen. Dein Ritus wurde verschlungen, bevor auch nur der erste Strich fertig war.","임프에게 불꽃과 금단의 계약은 일상의 일부였습니다. 당신이 첫 글자를 그리기도 전에 의식의 불씨는 악마의 숨결에 삼켜졌습니다."
"MSG_C_RITUAL_J_WIN","You performed a crystallization rite designed to fix formless essences in place. The jelly's fluid existence could not resist and solidified into a harmless amber shard.","形のない本質を固定する結晶化の儀式を執り行った。ジェリーの流動的な存在はそれに抗えず、無害な琥珀色の破片へと固まっていった。","你举行了旨在将无形本质固定原地的结晶化仪式。果冻怪流动的存在无法抵抗，逐渐凝固成了一块无害的琥珀色碎片。","Вы совершили обряд кристаллизации, предназначенный для фиксации бесформенных сущностей. Текучее существование желе не смогло сопротивляться и застыло в безвредный янтарный осколок.","Realizaste un rito de cristalización diseñado para fijar esencias sin forma en su lugar. La existencia fluida de la gelatina no pudo resistir y se solidificó en un inofensivo fragmento de ámbar.","Você realizou um rito de cristalização projetado para fixar essências sem forma no lugar. A existência fluida da geleia não pôde resistir e solidificou-se em um inofensivo fragmento de âmbar.","Du hast einen Kristallisationsritus vollzogen, der dazu bestimmt war, formlose Essenzen an Ort und Stelle zu fixieren. Die flüssige Existenz des Gelees konnte nicht widerstehen und erstarrte zu einem harmlosen Bernsteinsplitter.","형체 없는 본질을 고정하는 결정화 의식을 거행했습니다. 젤리의 유동적인 존재는 이에 저항하지 못하고 무해한 호박색 파편으로 굳어갔습니다."
"MSG_C_RITUAL_K_LOSS","You needed silence and five full minutes to complete the rite. The kobolds cackled and threw rocks throughout all five minutes until your concentration shattered.","儀式を完成させるには、静寂と五分間が必要だった。コボルドたちは五分間ずっと笑いながら石を投げ続け、あなたの集中は粉々に砕かれた。","你需要五分钟的寂静才能完成仪式。狗头人们却整整五分钟一边嘲笑一边投掷石块，将你的专注力彻底粉碎了。","Вам нужны были тишина и пять полных минут, чтобы завершить обряд. Кобольды кудахтали и бросали камни все пять минут, пока ваша концентрация не разлетелась вдребезги.","Necesitabas silencio y cinco minutos completos para completar el rito. Los kobolds se rieron y lanzaron piedras durante los cinco minutos hasta que tu concentración se hizo añicos.","Você precisava de silêncio e cinco minutos inteiros para completar o rito. Os kobolds cacarejaram e jogaram pedras durante todos os cinco minutos até que sua concentração se estilhaçasse.","Du brauchtest Stille und fünf volle Minuten, um den Ritus zu vollenden. Die Kobolde gackerten und warfen die ganzen fünf Minuten lang mit Steinen, bis deine Konzentration zerbrach.","의식을 완성하려면 정적과 5분이라는 시간이 필요했습니다. 코볼트들은 5분 내내 비웃으며 돌을 던졌고, 당신의 집중력은 산산조각이 났습니다."
"MSG_C_RITUAL_L_WIN","You recited the serpent-ancestor binding rite that the lizard's bloodline could not ignore. Ancestral compulsion bowed the creature's head and it slithered away from the path.","リザードの血筋が無視できない、蛇祖縛りの秘儀を詠唱した。祖先への服従本能が頭を下げさせ、生き物は道を開けてするする去っていった。","你吟诵了蜥蜴血脉无法无视的蛇祖缚仪式。服从祖先的本能迫使它低下了头，那生物乖乖让开了道路，悄然离去。","Вы прочитали обряд связывания змеиного предка, который родословная ящерицы не могла игнорировать. Предковое принуждение склонило голову существа, и оно уползло с пути.","Recitaste el rito de atadura del ancestro de la serpiente que el linaje del lagarto no pudo ignorar. La compulsión ancestral inclinó la cabeza de la criatura y se alejó del camino.","Você recitou o rito de união do ancestral da serpente que a linhagem do lagarto não podia ignorar. A compulsão ancestral baixou a cabeça da criatura e ela se arrastou para longe do caminho.","Du hast den Bindungsritus der Schlangenvorfahren rezitiert, den die Blutlinie der Eidechse nicht ignorieren konnte. Ahnendrang beugte den Kopf der Kreatur und sie schlängelte sich vom Weg weg.","도마뱀의 혈통이 무시할 수 없는 뱀 조상 결박의 비의를 영창했습니다. 조상에 대한 복종 본능이 머리를 숙이게 했고, 생물은 길을 비켜주며 스르르 사라졌습니다."
"MSG_C_RITUAL_M_LOSS","The ancient burial rites that had originally cursed the mummy were awakened by your ceremony. Instead of dispersing the dead the ritual only renewed the bindings that kept it walking.","マミーをかつて縛った古代の埋葬儀式が、あなたの儀式によって目覚めてしまった。死者を解放するどころか、奴を歩かせ続ける呪縛が新たに強まった。","将木乃伊最初缚住的古代埋葬仪式，因你的仪式而被唤醒了。非但没有解放死者，反而令继续支撑着它行走的诅咒重新加强了。","Древние погребальные обряды, которые изначально прокляли мумию, были пробуждены вашей церемонией. Вместо того чтобы разогнать мертвеца, ритуал лишь обновил узы, заставлявшие его ходить.","Los antiguos ritos funerarios que originalmente habían maldecido a la momia fueron despertados por tu ceremonia. En lugar de dispersar a los muertos, el ritual solo renovó las ataduras que la mantenían caminando.","Os antigos ritos funerários que originalmente amaldiçoaram a múmia foram despertados por sua cerimônia. Em vez de dispersar os mortos, o ritual apenas renovou as amarras que a mantinham caminhando.","Die alten Bestattungsriten, die die Mumie ursprünglich verflucht hatten, wurden durch deine Zeremonie geweckt. Anstatt den Toten zu vertreiben, erneuerte der Ritus nur die Bindungen, die ihn am Gehen hielten.","미라를 묶었던 고대의 매장 의식이 당신의 의식에 의해 깨어났습니다. 죽은 자를 해방하기는커녕, 그를 계속 걷게 만드는 속박이 새롭게 강해졌습니다."
"MSG_C_RITUAL_N_LOSS","The naga herself was a vessel of divine ritual far older than anything you could conjure. Your rite withered in the presence of that primordial sanctity and was absorbed into her scales.","ナーガ自身が、あなたの召喚するいかなるものより遥かに古い、神聖な儀式の器だった。その太古の神聖さの前であなたの儀式は枯れ落ち、彼女の鱗に吸い込まれた。","纳迦自身便是远古于你所能召唤的任何事物的神圣仪式之器。你的仪式在那远古神圣面前枯萎了，被吸入了她的鳞片之中。","Сама нага была сосудом божественного ритуала, гораздо более древнего, чем все, что вы могли бы сотворить. Ваш обряд увял в присутствии этой первозданной святости и был поглощен ее чешуей.","La propia naga era un recipiente de un rito divino mucho más antiguo que cualquier cosa que pudieras conjurar. Tu rito se marchitó en presencia de esa santidad primordial y fue absorbido por sus escamas.","A própria naga era um receptáculo de rituais divinos muito mais antigos do que qualquer coisa que você pudesse conjurar. Seu rito murchou na presença daquela santidade primordial e foi absorvido por suas escamas.","Die Naga selbst war ein Gefäß göttlicher Riten, viel älter als alles, was du beschwören konntest. Dein Ritus verdorrte in der Gegenwart dieser ursprünglichen Heiligkeit und wurde in ihre Schuppen absorbiert.","나가 자신이 당신이 소환할 수 있는 그 어떤 것보다 훨씬 오래된 신성한 의식의 그릇이었습니다. 당신의 의식은 그 태고의 신성함 앞에서 시들어 그녀의 비늘 속으로 흡수되었습니다."
"MSG_C_RITUAL_O_WIN","You performed a war god's rite that called for sacrifice before battle. The orc's primal faith stirred against its will and it knelt before the invoked idol in confusion.","戦の前に贄を要する、軍神への儀式を執り行った。オークの野性的な信仰心が意に反して揺さぶられ、呼び出された偶像の前に戸惑いながらも膝をついた。","你举行了战前需要献祭的军神仪式。兽人的野性信仰在违背意志的情况下被搅动，在感到困惑的同时，跪倒在了被召唤出的神像面前。","Вы совершили обряд бога войны, требовавший жертвоприношения перед битвой. Первобытная вера орка всколыхнулась против его воли, и он в замешательстве преклонил колени перед призванным идолом.","Realizaste un rito de dios de la guerra que exigía sacrificio antes de la batalla. La fe primaria del orco se agitó contra su voluntad y se arrodilló ante el ídolo invocado en confusión.","Você realizou um rito de deus da guerra que pedia sacrifício antes da batalha. A fé primal do orco agitou-se contra sua vontade e ele se ajoelhou diante do ídolo invocado em confusão.","Du hast einen Ritus des Kriegsgottes vollzogen, der vor der Schlacht Opfer forderte. Der ursprüngliche Glaube des Orks regte sich gegen seinen Willen und er kniete verwirrt vor dem beschworenen Idol nieder.","전투 전에 제물을 요구하는 군신의 의식을 거행했습니다. 오크의 야성적인 신앙심이 의지에 반해 흔들렸고, 소환된 우상 앞에 당혹해하며 무릎을 꿇었습니다."
"MSG_C_RITUAL_P_LOSS","Pixies are creatures woven from raw ritual magic themselves. Every sigil you drew became a toy for her and every candle you lit became a stage light for her dance.","ピクシーは儀式魔法そのものから編み出された生き物だ。あなたが描く符号は全て彼女の玩具となり、灯したろうそくは彼女の踊りの舞台照明に変えられた。","小仙女本身就是由仪式魔法所编织而成的生命。你所绘出的每个符文都成了她的玩具，你点燃的每根蜡烛都被变成了她跳舞的舞台灯光。","Пикси — это существа, сотканные из самой ритуальной магии. Каждый начертанный вами символ становился для нее игрушкой, а каждая зажженная свеча — сценическим светом для ее танца.","Las pixies son criaturas tejidas con magia ritual pura. Cada sigilo que dibujaste se convirtió en un juguete para ella y cada vela que encendiste se convirtió en una luz de escenario para su danza.","As pixies são criaturas tecidas a partir da própria magia ritual pura. Cada sigilo que você desenhou tornou-se um brinquedo para ela e cada vela que você acendeu tornou-se uma luz de palco para sua dança.","Pixies sind Wesen, die aus roher Ritualmagie selbst gewebt wurden. Jedes Siegel, das du gezeichnet hast, wurde für sie zu einem Spielzeug, und jede Kerze, die du angezündet hast, wurde zu einem Bühnenlicht für ihren Tanz.","픽시는 의식 마법 그 자체로 엮인 생물입니다. 당신이 그린 모든 부호는 그녀의 장난감이 되었고, 켠 촛불은 그녀의 춤을 위한 무대 조명이 되었습니다."
"MSG_C_RITUAL_Q_LOSS","The coeurl's electromagnetic body disrupted the ritual circle the instant it was drawn. You watched your painstaking rite dissolve in sparking static before you could speak a single word.","クアールの電磁体が、陣を描いた瞬間に儀式の魔法陣を乱した。一言も唱える間もなく、丹念に描いた儀式が静電気の火花の中で消えていくのをただ見ていた。","夸尔的电磁体在阵形画出的瞬间就扰乱了仪式的魔法阵。你只能眼睁睁地看着精心绘制的仪式，在静电的火花中，连一个字都没能念出便消散了。","Электромагнитное тело керла разрушило ритуальный круг в тот же миг, как он был начертан. Вы беспомощно наблюдали, как ваш кропотливый обряд растворяется в искрах статики, прежде чем вы успели произнести хоть слово.","El cuerpo electromagnético del coeurl interrumpió el círculo ritual en el instante en que fue trazado. Viste cómo tu esmerado rito se disolvía en estática chispeante antes de que pudieras pronunciar una sola palabra.","O corpo eletromagnético do coeurl interrompeu o círculo ritual no instante em que foi desenhado. Você assistiu ao seu rito minucioso dissolver-se em estática faiscante antes que pudesse pronunciar uma única palavra.","Der elektromagnetische Körper des Coeurls störte den Ritualkreis in dem Moment, als er gezeichnet wurde. Du sahst zu, wie sich dein mühsamer Ritus in funkelnder Statik auflöste, noch bevor du ein einziges Wort sprechen konntest.","쿠알의 전자기체가 마법진을 그린 순간 의식을 어지럽혔습니다. 말 한마디 꺼내기도 전에 정성껏 준비한 의식이 정전기 불꽃 속에서 사라지는 것을 그저 지켜볼 뿐이었습니다."
"MSG_C_RITUAL_R_LOSS","Thousands of rats gnawed through the ritual circle before the first incantation was spoken. Nothing sacred survives a pack that outnumbers the stars.","一つ目の呪文が唱えられる前に、無数のネズミが儀式の魔法陣を噛み砕いた。星の数をも超える群れに、神聖なものなど存在できない。","在第一句咒文还未被吟唱之前，无数的老鼠已将仪式的魔法阵咬得粉碎。在数量超越星辰的鼠群面前，神圣之物无从存在。","Тысячи крыс прогрызли ритуальный круг еще до того, как было произнесено первое заклинание. Ничто священное не выживет перед стаей, число которой превышает количество звезд.","Miles de ratas royeron el círculo ritual antes de que se pronunciara el primer encantamiento. Nada sagrado sobrevive a una manada que supera en número a las estrellas.","Milhares de ratos roeram o círculo ritual antes que o primeiro encantamento fosse proferido. Nada sagrado sobrevive a uma alcateia que supera as estrelas em número.","Tausende Ratten zernagten den Ritualkreis, bevor die erste Beschwörung gesprochen wurde. Nichts Heiliges überlebt ein Rudel, das die Sterne an Zahl übertrifft.","첫 번째 주문이 읊어지기도 전에 무수한 쥐들이 의식의 마법진을 갉아먹었습니다. 별의 수보다 많은 무리 앞에서는 신성한 것도 존재할 수 없습니다."
"MSG_C_RITUAL_S_WIN","You performed a matter-binding rite that denied slimes their endless shape-shifting. The monster let out a gurgling shriek as it hardened from the core outward into a dull grey stone.","スライムの果てない変形を封じる物質固定の儀式を執り行った。怪物の核から外側へと硬化が進み、くぐもった悲鳴を上げながら鈍い灰色の岩へと変わった。","你举行了否定史莱姆无尽变形的物质固定仪式。固化从怪物的核心向外扩散，它发出了沉闷的悲鸣，逐渐变成了一块暗灰色的石头。","Вы совершили обряд связывания материи, который лишил слизней их бесконечной изменчивости. Монстр издал булькающий вопль, когда он затвердел от ядра наружу в тусклый серый камень.","Realizaste un rito de atadura de materia que negó a los limos su cambio de forma infinito. El monstruo lanzó un chillido borboteante mientras se endurecía desde el núcleo hacia afuera en una piedra gris opaca.","Você realizou um rito de ligação de matéria que negou aos slimes sua metamorfose infinita. O monstro soltou um grito borbulhante enquanto endurecia do núcleo para fora em uma pedra cinza opaca.","Du hast einen materiebindenden Ritus vollzogen, der den Schleimen ihre endlose Formwandlung verweigerte. Das Monster stieß einen gurgelnden Schrei aus, als es vom Kern nach außen zu einem stumpfen grauen Stein erstarrte.","슬라임의 끝없는 변형을 봉인하는 물질 고정 의식을 거행했습니다. 괴물의 핵부터 바깥쪽으로 경화가 진행되며, 둔탁한 비명과 함께 칙칙한 회색 바위로 변했습니다."
"MSG_C_RITUAL_T_LOSS","You began the binding rite but the troll regenerated faster than the words could take hold. Every sigil was overgrown with new flesh before the ink was even dry.","縛りの儀式を始めたが、トロールの再生はあなたの言葉が染み込むより速かった。墨が乾く間もなく、全ての符号が新たな肉に上書きされていった。","你开始了束缚仪式，但巨魔的再生比你的话语渗透得更快。墨迹甚至来不及干透，所有符文就已被新生的肉体覆盖了。","Вы начали обряд связывания, но тролль регенерировал быстрее, чем слова успевали подействовать. Каждый символ зарастал новой плотью еще до того, как высыхали чернила.","Comenzaste el rito de atadura, pero el troll se regeneraba más rápido de lo que las palabras podían surtir efecto. Cada sigilo era cubierto por carne nueva antes de que la tinta siquiera se secara.","Você começou o rito de vinculação, mas o troll regenerou-se mais rápido do que as palavras podiam fazer efeito. Cada sigilo foi coberto por carne nova antes mesmo que a tinta secasse.","Du hast mit dem Bindungsritus begonnen, aber der Troll regenerierte schneller, als die Worte greifen konnten. Jedes Siegel wurde von neuem Fleisch überwuchert, bevor die Tinte auch nur trocken war.","속박 의식을 시작했지만 트롤의 재생은 당신의 말이 스며드는 것보다 빨랐습니다. 먹이 마르기도 전에 모든 부호가 새로운 살점에 덮여버렸습니다."
"MSG_C_RITUAL_U_LOSS","The undead were themselves created by a ritual far darker and older than any you could perform. Your ceremony only resonated with the original curse and drew them closer in its echo.","アンデッドは、あなたが執り行えるいかなる儀式よりも深く古い呪術によって生み出された存在だった。あなたの儀式は元の呪いと共鳴しただけで、残響の中で死者たちをより近くへと引き寄せた。","不死族本身，是由比你所能举行的任何仪式都更深邃悠远的诅咒术所创造的存在。你的仪式只是与最初的诅咒产生了共鸣，在回声中将死者引得更加靠近了。","Нежить сама была создана ритуалом гораздо более темным и древним, чем любой из тех, что вы могли бы совершить. Ваша церемония лишь вошла в резонанс с первоначальным проклятием и притянула их ближе в своем эхо.","Los no muertos fueron creados por un ritual mucho más oscuro y antiguo que cualquiera que pudieras realizar. Tu ceremonia solo resonó con la maldición original y los atrajo más cerca en su eco.","Os mortos-vivos foram eles mesmos criados por um ritual muito mais sombrio e antigo do que qualquer um que você pudesse realizar. Sua cerimônia apenas ressoou com a maldição original e os atraiu para mais perto em seu eco.","Die Untoten wurden selbst durch einen Ritus erschaffen, der weitaus dunkler und älter war als alles, was du vollziehen konntest. Deine Zeremonie resonierte nur mit dem ursprünglichen Fluch und zog sie in ihrem Echo näher heran.","언데드는 당신이 거행할 수 있는 그 어떤 의식보다 깊고 오래된 주술에 의해 태어난 존재였습니다. 당신의 의식은 원래의 저주와 공명했을 뿐이며, 그 잔향 속에서 죽은 자들을 더 가까이 불러들였습니다."
"MSG_C_RITUAL_V_LOSS","The vampire had personally witnessed the religion that spawned human ritual a thousand years ago. He watched your entire ceremony with an amused yawn and was behind you before the final word.","ヴァンパイアは千年前、人間の儀式を生んだ宗教の誕生を直に目撃していた。彼はあなたの儀式の全てを退屈そうなあくびで見届け、最後の言葉より先にあなたの背後に立っていた。","吸血鬼在千年前，亲眼目睹了催生人类仪式的宗教的诞生。他用无聊的哈欠见证了你整个仪式的始末，比你的最后一句话更早便已站在了你的背后。","Вампир лично был свидетелем зарождения религии, породившей человеческие ритуалы тысячу лет назад. Он наблюдал за всей вашей церемонией с забавным зевком и оказался за вашей спиной еще до последнего слова.","El vampiro había presenciado personalmente la religión que engendró el ritual humano hace mil años. Observó toda tu ceremonia con un bostezo divertido y estaba detrás de ti antes de la última palabra.","O vampiro testemunhou pessoalmente a religião que gerou o ritual humano há mil anos. Ele assistiu a toda a sua cerimônia com um bocejo divertido e estava atrás de você antes da palavra final.","Der Vampir war vor tausend Jahren persönlich Zeuge der Religion geworden, die die menschlichen Riten hervorbrachte. Er beobachtete deine gesamte Zeremonie mit einem amüsierten Gähnen und stand noch vor dem letzten Wort hinter dir.","뱀파이어는 천 년 전 인간의 의식을 낳은 종교의 탄생을 직접 목격했습니다. 그는 당신의 의식 전체를 지루한 하품과 함께 지켜보았고, 마지막 말이 끝나기도 전에 당신의 뒤에 서 있었습니다."
"MSG_C_RITUAL_W_LOSS","The wolf pack ignored the sacred smoke and knocked over the ritual candles with their tails. Instinct cares nothing for ceremony and their fangs reached your arm before the rite was done.","ウルフの群れは聖なる煙を無視し、尻尾で儀式の蝋燭を倒してしまった。本能は礼に従わない。儀式が終わる前に、奴らの牙があなたの腕を捉えた。","狼群无视了圣洁的烟雾，用尾巴掀倒了仪式的蜡烛。本能不知礼仪为何物。在仪式完成之前，它们的獠牙已攫住了你的手臂。","Волчья стая проигнорировала священный дым и опрокинула ритуальные свечи своими хвостами. Инстинкту плевать на церемонии, и их клыки достигли вашей руки еще до завершения обряда.","La manada de lobos ignoró el humo sagrado y derribó las velas rituales con sus colas. Al instinto no le importa la ceremonia y sus colmillos alcanzaron tu brazo antes de que terminara el rito.","A alcateia ignorou a fumaça sagrada e derrubou as velas ritualísticas com suas caudas. O instinto não se importa com cerimônias e suas presas alcançaram seu braço antes que o rito terminasse.","Das Wolfsrudel ignorierte den heiligen Rauch und warf die Ritualkerzen mit ihren Schwänzen um. Instinkt schert sich nicht um Zeremonien, und ihre Fänge erreichten deinen Arm, bevor der Ritus beendet war.","늑대 떼는 거룩한 연기를 무시하고 꼬리로 의식용 양초를 쓰러뜨렸습니다. 본능은 의식 따위 상관하지 않았고, 의식이 끝나기도 전에 그들의 송곳니가 당신의 팔에 닿았습니다."
"MSG_C_RITUAL_X_LOSS","Xalthis did not originate from this plane of existence and the rituals of this world held no authority over it. As you chanted your final verse its many eyes opened all at once dismissing your words as silence.","ザルティスはこの世界の存在界に起源を持たず、この界の儀式はいかなる権威も持たない。最後の節を唱えるあなたを前に、無数の眼が一斉に開き、言葉を沈黙として切り捨てた。","扎尔提斯并不源于这个世界的存在界，此界的仪式对它毫无权威。面对正在吟唱最后一节的你，无数双眼睛同时睁开，将话语化作沉默抹去了。","Ксалтис не происходил из этого плана существования, и ритуалы этого мира не имели над ним власти. Когда вы воспели свой последний стих, его многочисленные глаза открылись одновременно, отвергая ваши слова как тишину.","Xalthis no se originó en este plano de existencia y los rituales de este mundo no tenían autoridad sobre él. Mientras recitabas tu verso final, sus muchos ojos se abrieron a la vez, descartando tus palabras como silencio.","Xalthis não se originou neste plano de existência e os rituais deste mundo não detinham autoridade sobre ele. Enquanto você entoava seu verso final, seus muitos olhos se abriram de uma só vez, descartando suas palavras como silêncio.","Xalthis stammte nicht aus dieser Existenzebene, und die Riten dieser Welt besaßen keine Autorität über ihn. Als du deinen letzten Vers sangst, öffneten sich seine vielen Augen auf einmal und taten deine Worte als Schweigen ab.","잘시스는 이 세계의 존재계에서 기원하지 않았으며, 이 세계의 의식은 그에게 어떤 권위도 갖지 못합니다. 당신이 마지막 구절을 읊을 때 그의 무수한 눈들이 일제히 뜨이며 당신의 말을 침묵으로 치부해 버렸습니다."
"MSG_C_RITUAL_Y_LOSS","The blizzard swallowed the smoke and swept away the sacred salt circle before the first rune was drawn. In the howling white nothing a rite can take root.","吹雪が煙を呑み込み、一文字目のルーンが描かれる前に聖なる塩の陣を吹き飛ばした。咆える白の中では、儀式が根付く土壌などどこにもない。","暴风雪吞噬了烟雾，在第一个符文画就之前便将神圣的盐阵吹散了。在咆哮的白色之中，仪式无处生根。","Метель проглотила дым и смела священный круг из соли еще до того, как была начертана первая руна. В завывающем белом ничто ни один обряд не может пустить корни.","La ventisca se tragó el humo и barrió el círculo de sal sagrada antes de que se dibujara la primera runa. En la nada blanca y aullante, ningún rito puede echar raíces.","A nevasca engoliu a fumaça e varreu o círculo de sal sagrado antes que a primeira runa fosse desenhada. No nada branco uivante, nenhum rito pode criar raízes.","Der Schneesturm verschluckte den Rauch und fegte den heiligen Salzkreis weg, bevor die erste Rune gezeichnet wurde. Im heulenden weißen Nichts kann kein Ritus Wurzeln schlagen.","눈보라가 연기를 삼키고 첫 번째 룬이 그려지기도 전에 신성한 소금 마법진을 날려버렸습니다. 울부짖는 백색의 무 속에서 의식이 뿌리 내릴 곳은 어디에도 없었습니다."
"MSG_C_RITUAL_Z_WIN","You painted a soul-anchor circle directly over the zombie's shuffling path. The moment it crossed the threshold the dead feet stopped and the wandering spirit within was fixed to that spot forever.","ゾンビが辿る道の上に直接、魂の錨となる陣を描いた。その縁を越えた瞬間、死の足は止まり、彷徨う魂は永遠にその場所に縛り付けられた。","你直接在僵尸行走的路径上画出了作为灵魂之锚的阵形。踏过边界的那一瞬间，死亡的脚步停止了，那颗游荡的灵魂被永远束缚在了那个地点。","Вы нарисовали круг-якорь души прямо на пути зомби. В тот момент, когда он пересек порог, мертвые ноги остановились, и блуждающий дух внутри был зафиксирован на этом месте навсегда.","Pintaste un círculo de anclaje de almas directamente sobre el camino del zombi. En el momento en que cruzó el umbral, los pies muertos se detuvieron y el espíritu errante del interior quedó fijado en ese lugar para siempre.","Você pintou um círculo de âncora de alma diretamente sobre o caminho arrastado do zumbi. No momento em que ele cruzou o limiar, os pés mortos pararam e o espírito errante em seu interior foi fixado naquele local para sempre.","Du hast einen Seelenankerkreis direkt über den schlurfenden Pfad des Zombies gemalt. In dem Moment, als er die Schwelle überschritt, hielten die toten Füße an und der wandernde Geist in ihm wurde für immer an diesen Ort gebunden.","좀비가 지나는 길 위에 직접 영혼의 닻이 되는 마법진을 그렸습니다. 경계를 넘는 순간 죽은 발걸음은 멈췄고, 그 안의 방황하는 영혼은 그곳에 영원히 묶였습니다."
