"keys","en","ja","zh"
"MSG_C_HIDE_A_WIN","You pressed flat against the stone wall and held your breath as the ant column marched past in perfect formation. Their chemical navigation runs on a narrow track and anything outside that track simply does not exist.","石の壁に平らに張り付いて息を止め、アリの縦列が完璧な隊形で通り過ぎるのを待った。奴らの化学的なナビゲーションは狭い軌道上を走り、その軌道外のものは単純に存在しない。","你紧贴石壁憋住气息，等待蚁列以完美队形从旁走过。它们的化学导航行走在一条狭窄的轨道上，轨道之外的一切单纯不存在。"
"MSG_C_HIDE_B_WIN","You dropped below the bat's echolocation sweep by lying flat in a shallow depression in the dungeon floor. Its sonar returned a clean signal and it banked away satisfied that the corridor was empty.","ダンジョンの床の浅い凹みに平らに伏せて、コウモリの反響定位の走査の下に潜った。奴のソナーはクリアな信号を返し、廊下が空であることに満足して旋回して去っていった。","你趴在地牢地板的一处浅凹坑里，潜入蝙蝠回声定位扫描的射程之下。它的声呐返回了干净的信号，它满意地判断走廊为空，转身离去了。"
"MSG_C_HIDE_C_WIN","You pressed into a crevice and adopted the precise posture of the surrounding stonework. The cobra's heat-sensing pits read you as ambient temperature and it flowed past without pausing.","隙間に身を押し込んで、周囲の石造りと同じ姿勢を取った。コブラの熱感知ピットはあなたを周囲の温度と読み取り、立ち止まることなく流れるように通り過ぎた。","你钻入一道裂缝，摆出与周围石工相同的姿势。眼镜蛇的热感应颊窝将你读取为环境温度，毫不停顿地流淌而过。"
"MSG_C_HIDE_D_WIN","You concealed yourself beneath the rubble of a previous encounter before the dragon entered the chamber. Its pride was such that it scanned only at eye level for a worthy opponent and never once looked downward.","竜が部屋に入る前に、以前の遭遇の瓦礫の下に身を隠した。奴の誇りは、立派な対戦相手を目の高さでしか探さず、一度も下を見下ろさないほどだった。","你在巨龙进入房间之前，藏身于一场过往遭遇留下的残骸之下。它的傲慢使它只在眼睛的高度搜寻值得一战的对手，从未向下看过一眼。"
"MSG_C_HIDE_E_WIN","You climbed silently into the canopy of the Ent's own outstretched branches and remained motionless. The ancient guardian searched methodically at ground level for several minutes before concluding the intruder had fled.","エントの伸ばした枝の葉陰に静かに登り、動かずにいた。古の守護者は数分間、地上レベルで体系的に侵入者を探し、逃げ去ったと結論付けた。","你悄无声息地攀上了树人自己伸展枝条的树冠处，一动不动地待着。这位古老的守卫有条不紊地在地面高度搜寻了数分钟，最终断定入侵者已经逃走了。"
"MSG_C_HIDE_F_WIN","You remained completely still and the fly's motion-detection system registered you as part of the background scenery. It circled the perimeter of the room twice and departed to find something more interesting.","完全に静止したままでいると、ハエの動体検知システムはあなたを背景の一部として認識した。奴は部屋の外周を二度回ってから、もっと面白いものを探して立ち去った。","你保持完全静止，苍蝇的运动探测系统将你识别为背景的一部分。它绕着房间的边缘转了两圈，然后离开去寻找更有趣的东西。"
"MSG_C_HIDE_G_WIN","You hid the last item of value in the room behind a loose brick and then sprinted past the goblin at full speed while it was tearing apart the chamber looking for where you had stashed the loot.","部屋の価値あるものの最後のひとつを緩んだレンガの後ろに隠してから、ゴブリンが戦利品の隠し場所を探して部屋を引っ掻き回している間に全力で脇を駆け抜けた。","你将房间里最后一件值钱的东西藏在了一块松动的砖块后面，然后趁哥布林翻遍整个房间寻找你藏匿战利品的地方时，全速从它身旁冲过了。"
"MSG_C_HIDE_H_LOSS","The harpy hunts from above and scans an entire chamber in a single pass. You were visible from the ceiling the moment you stepped in and she had already calculated your position before you finished looking for cover.","ハーピーは上から狩り、一度の通過で部屋全体を走査する。あなたは足を踏み入れた瞬間に天井から見えており、奴は身を隠す場所を探し終える前にすでにあなたの位置を計算していた。","鹰身女妖从上方狩猎，只需一次扫过便能查看整个房间。你踏入的那一刻便从天花板处暴露了，她在你找完遮蔽之前就已经计算好了你的位置。"
"MSG_C_HIDE_I_WIN","You hid behind a pillar and the imp teleported in searching for you. It checked behind every pillar except the one you were behind because you had moved a torch to cast your shadow in the wrong direction.","柱の後ろに隠れると、インプがテレポートしてあなたを探してきた。奴はあなたが隠れている柱以外の全ての柱の後ろを調べた。なぜなら、あなたは影が違う方向に落ちるよう松明を動かしておいたからだ。","你躲在一根柱子后面，小仙女传送过来寻找你。它查看了每一根柱子后面，唯独没查你躲的那根，因为你已将一支火把移位，让你的影子投在了错误的方向。"
"MSG_C_HIDE_J_LOSS","The jelly seeped under the door before you had found your hiding spot and flooded the entire room at floor level. There was nowhere to crouch that it had not already occupied and you were engulfed before you could stand back up.","あなたが隠れる場所を見つける前に、ジェリーはドアの下から浸み出て部屋全体の床面を浸した。奴がすでに占領していない場所は屈める場所になかった。立ち上がる間もなく飲み込まれた。","果冻怪在你找到藏身处之前，就从门缝下渗了进来，将整个房间的地面层淹没了。没有任何可以蜷缩的地方是它尚未占据的，还没来得及站起来你就被淹没了。"
"MSG_C_HIDE_K_LOSS","Kobolds post dedicated sentries at every junction with interlocking fields of view. The moment you stepped into the corridor the alarm was already relayed through three relay runners before you had identified your first hiding option.","コボルドは全ての交差点に、互いに重なり合う視野を持つ専任の歩哨を配置している。あなたが廊下に踏み込んだ瞬間、最初の隠れる選択肢を特定する前にすでに警報が三人の伝令走者を通じて中継されていた。","狗头人在每个路口都布置了专职哨兵，视野相互交叠。你踏入走廊的那一刻，警报已经在你确定第一个躲藏选项之前，通过三位接力传令兵传递了出去。"
"MSG_C_HIDE_L_WIN","You froze against a sun-warmed stone and the lizard's thermoreceptors matched you to the ambient temperature of the rock face. It walked within arm's reach and registered nothing but geology.","日当たりの石に押しつけるように静止すると、リザードの熱受容体はあなたを岩肌の周囲温度と同一視した。奴は手の届く距離を歩き、地質しか認識しなかった。","你紧贴着被阳光暖热的石头静止不动，蜥蜴的温度感受器将你与岩面的环境温度相匹配。它走到触手可及之处，感知到的不过是地质而已。"
"MSG_C_HIDE_M_LOSS","The mummy's curse has already catalogued every soul currently within three hundred metres. You were in its registry before you entered the room and it walked directly to your hiding place without searching anywhere else.","マミーの呪いはすでに半径三百メートル以内の全ての魂を目録に記載している。あなたは部屋に入る前からその登録簿に載っており、奴は他のどこも探さずにあなたが隠れている場所へ直接歩いてきた。","木乃伊的诅咒已经将三百米范围内的每一个灵魂归入了档案。你在进入房间之前就已在它的名册上，它不搜任何其他地方，径直走向了你的藏身之处。"
"MSG_C_HIDE_N_WIN","You dropped into the subterranean irrigation channel that runs beneath the dungeon flagstones and navigated by feel to the far side of the chamber. The naga searched every surface above the waterline and found nothing.","ダンジョンの石畳の下を流れる地下灌漑路に飛び込み、感触だけを頼りに部屋の反対側まで進んだ。ナーガは水面より上の全ての面を探したが、何も見つからなかった。","你跳入了地牢石板下方流淌的地下灌渠，仅凭触觉探索到了房间的另一侧。蛇妖搜遍了水线以上的每一处表面，什么也没找到。"
"MSG_C_HIDE_O_LOSS","The orc does not search methodically but it does sweep every hiding place by the simple process of picking up everything large enough to hide behind and throwing it across the room. You ran out of furniture before it ran out of strength.","オークは体系的に探さないが、身を隠せるほど大きいものを全部拾い上げて部屋の向こうに投げるという単純なプロセスで全ての隠れ場所を一掃する。奴が力尽きる前に、あなたが使える家具がなくなった。","兽人不做有条不紊的搜查，但它用一个简单的方法一扫所有藏身之处：将够大到可以躲在后面的一切东西拎起来扔到房间对面。在它力气耗尽之前，你先没了家具可躲。"
"MSG_C_HIDE_P_LOSS","The pixie had already created an illusion of you hiding in three different locations before you had decided on one. It played all three versions of you simultaneously to find out which one reacted when she threw a pebble.","あなたが隠れる場所を一つ決める前に、ピクシーはすでにあなたが三か所に隠れている幻影を作り出していた。奴は小石を投げたときにどれが反応するか調べるために、あなたの三つのバージョンを同時に演じた。","你还没决定好藏到哪里，小仙女就已经创造了你藏在三个不同地点的幻象。她同时演绎你的三个版本，看看在她扔出一颗小石子时哪个会有反应。"
"MSG_C_HIDE_Q_LOSS","The coeurl maps electromagnetic fields rather than visual space and your nervous system lights up the dungeon like a beacon regardless of what you hide behind. It walked to your exact position without using its eyes once.","クアールは視覚的な空間ではなく電磁場をマッピングする。あなたの神経系は、何の後ろに隠れても関係なくダンジョンを灯台のように照らしてしまう。奴は一度も目を使わずにあなたの正確な位置へ歩いてきた。","夸尔绘制的是电磁场而非视觉空间，无论你躲在什么后面，你的神经系统都会像灯塔一样照亮整个地牢。它一次也没用眼睛，就径直走到了你的确切位置。"
"MSG_C_HIDE_R_LOSS","The rat swarm does not search with eyes. It searches with noses and there are several hundred of them all operating simultaneously. Your scent filled the corridor within seconds and the swarm converged on your hiding spot from every direction.","ラットの群れは目で探さない。鼻で探し、それが数百匹、全て同時に動いている。あなたの匂いは数秒以内に廊下を満たし、群れはあらゆる方向からあなたの隠れ場所へ集中してきた。","鼠群不靠眼睛搜寻，靠鼻子，而且有数百只同时运作。你的气味在几秒内充满了走廊，鼠群从四面八方向你的藏身处汇聚而来。"
"MSG_C_HIDE_S_LOSS","Slime seeps into every crack and recess in a dungeon simultaneously. The hiding spot you chose was one of approximately forty locations the slime had already occupied before you arrived. You hid directly inside it.","スライムはダンジョンの全ての割れ目や凹みに同時に浸み込む。あなたが選んだ隠れ場所は、スライムがあなたの到着前にすでに占拠していた約四十か所のうちの一つだった。あなたは奴の真っ只中に隠れた。","史莱姆同时渗入地牢的每一道裂缝和凹陷。你选择的藏身之处是史莱姆在你到来之前已经占据的大约四十个地点之一。你是直接藏进了它的身体里。"
"MSG_C_HIDE_T_WIN","You hid under the troll's own workbench and let it spend twenty minutes throwing the room apart while you waited. Trolls search outward from the centre and never think to check the place they started from.","トロール自身の作業台の下に隠れ、待つ間にトロールが部屋を引っ掻き回すのに二十分を費やすのを見守った。トロールは中心から外に向かって探し、自分が始めた場所を確認しようとは決して思わない。","你藏在了巨魔自己的工作台下面，等待着它花了二十分钟将房间翻了个遍。巨魔从中心向外搜寻，从不想到去检查自己的出发点。"
"MSG_C_HIDE_U_LOSS","You cannot hide from a ghost by placing matter between you because the ghost simply passes through matter. In the time it took you to step behind a pillar it had already passed through the pillar and was waiting for you on the other side.","霊は単純に物質をすり抜けるため、物質を間に置いてもゴーストから隠れることはできない。あなたが柱の後ろに回り込む間に、奴はすでに柱をすり抜けてあなたを待っていた。","鬼魂单纯地穿越物质，因此用物质阻隔无法躲避它。在你迈步绕到柱子后面的时间里，它已经穿过了柱子，在另一侧等着你了。"
"MSG_C_HIDE_V_LOSS","The vampire does not find prey by looking for it. It finds prey by listening to heartbeats and yours had been audible to it from the moment you entered the dungeon. The hiding place you chose only made it slightly more convenient to approach.","ヴァンパイアは獲物を見て探すのではない。心拍音を聞いて探す。あなたのそれはダンジョンに入った瞬間から奴に聞こえていた。あなたが選んだ隠れ場所は、奴が近づくのをわずかに便利にしてしまっただけだった。","吸血鬼不靠视觉寻找猎物，它靠倾听心跳声。你的心跳声从你踏入地牢的那一刻起就已经被它听到了。你选择的藏身之处只是让它靠近变得稍微方便了一些。"
"MSG_C_HIDE_W_LOSS","A wolf pack hunts by tracking scent over time and your trail into the hiding place was fresher than everything else in the dungeon. The alpha followed your exact footsteps to the second, reached under the barrel, and dragged you out by the collar.","狼の群れは時間をかけて匂いを追跡して狩る。隠れ場所への道はダンジョンの何よりも新鮮だった。アルファはあなたの足跡を一歩ずつ正確に追い、樽の下に手を伸ばし、えり首をつかんであなたを引きずり出した。","狼群靠随时间追踪气味来捕猎，你通往藏身处的足迹比地牢中其他一切都要新鲜。头狼精准地跟随你的每一步足迹，在桶下伸出爪子，抓住你的衣领将你拖了出来。"
"MSG_C_HIDE_X_LOSS","Xalthis does not search for hidden things because hidden things do not exist in its perception. It perceives all objects in all states simultaneously and you in your hiding place were simply you in your hiding place at full resolution.","ザルティスは隠れているものを探さない。なぜなら隠れているものは奴の知覚の中では存在しないからだ。奴は全ての状態にある全ての物体を同時に知覚し、隠れ場所にあるあなたはただ完全な解像度で隠れ場所にいるあなただった。","扎尔提斯不搜寻隐藏的东西，因为隐藏的东西在它的感知中根本不存在。它同时感知所有状态下的所有物体，而藏身处中的你，不过就是以完整分辨率待在藏身处的你罢了。"
"MSG_C_HIDE_Y_LOSS","The yeti tracks warmth across ice and your body temperature left a clear trail through every cold surface you had touched in the last three minutes. It followed the heat impressions of your palms on the stone wall directly to where you were crouching.","イエティは氷の上の体温を追跡する。あなたの体温は過去三分間に触れた全ての冷たい面に明確な痕跡を残していた。奴は石の壁に残ったあなたの手のひらの熱の印を、あなたがうずくまっている場所へ直接追った。","雪人在冰面上追踪热量，你的体温在你过去三分钟内触碰的每一个冰冷表面上留下了清晰的轨迹。它顺着你的手掌留在石壁上的热印，直接找到了你蜷缩的地方。"
"MSG_C_HIDE_Z_LOSS","Zombies do not search. They converge. The horde filled the room from every entrance simultaneously and your hiding spot was on a direct line between two of those entrances. There was no version of this room in which that corner was safe.","ゾンビは探さない。集結する。群れは全ての入口から同時に部屋を満たし、あなたの隠れ場所は二つの入口を結ぶ直線上にあった。その部屋のどのバージョンでも、その角が安全な版は存在しなかった。","僵尸不搜寻，它们汇聚。群体从每一个入口同时涌入房间，而你的藏身之处恰好处于其中两个入口的直线之间。在这个房间的任何版本里，那个角落都无法成为安全之处。"
"MSG_C_HYPNOSIS_A_WIN","The ants' pheromone network was their greatest strength turned into their downfall. A precise hypnotic signal mimicked the queen's command and sent the workers into a motionless trance. The colony froze like a stopped clock and never restarted.","フェロモンネットワークはアリの最大の強みであり、彼らの死因となった。精密な催眠信号が女王の命令を模倣し、働きアリたちをじっとしたトランスへ誘い込んだ。コロニーは止まった時計のように固まり、二度と動き出さなかった。","信息素网络是蚂蚁最大的优势，也成了它们的致命弱点。精确的催眠信号模拟了女王的命令，将工蚁引入了静止的恍惚状态。巢穴像一台停摆的时钟一样凝固了，再也没有重新启动。"
"MSG_C_HYPNOSIS_B_WIN","A specific ultrasonic frequency overrode the bat's echolocation and planted a false reality in its auditory cortex. It believed it was sleeping safely in its cave while its body hung helpless in open air. It never woke from the trance.","特定の超音波周波数がコウモリのエコーロケーションを乗っ取り、聴覚野に偽の現実を植え付けた。奴は洞窟の中で安全に眠っていると信じていたが、その体は開けた空中に無力にぶら下がっていた。奴はトランスから決して目を覚まさなかった。","特定的超声波频率覆盖了蝙蝠的回声定位，在听觉皮层植入了虚假的现实。它相信自己正安全地睡在洞穴中，而身体却无力地悬挂在开阔的空气里。它再也没有从恍惚状态中醒来。"
"MSG_C_HYPNOSIS_C_WIN","The cobra's steady gaze was its weapon and its weakness. A hypnotic spiral outmatched its own mesmerizing stare and sent the predator into a recursive loop of stillness. Its hood spread and froze permanently open as consciousness left it.","コブラの落ち着いた視線は奴の武器であり弱点でもあった。催眠の螺旋が奴自身の魅惑的な視線を上回り、捕食者を静止の再帰的ループへと送り込んだ。奴の頭部は広がり、意識が去るにつれて永久に開いたまま固まった。","眼镜蛇那稳定的凝视是它的武器，也是它的弱点。催眠螺旋胜过了它自己那迷幻的目光，将掠食者送入了静止的递归循环。意识离去之际，它的颈部撑开后永远定格在了张开状态。"
"MSG_C_HYPNOSIS_D_WIN","The dragon's immense pride in its own intelligence made it uniquely susceptible to cognitive manipulation. A hypnotic suggestion convinced it that its true enemy was the mountain it had lived on for centuries. It demolished its own lair in a frenzy of misplaced rage.","自らの知性に対するドラゴンの絶大な誇りが、認知的操作に対する特異な弱点となった。催眠暗示により、奴の真の敵は何世紀もの間住んでいた山だと確信させた。奴は見当違いの怒りの中、自らの住処を解体した。","龙对自身智慧的极度自傲使其对认知操控格外易感。一个催眠暗示让它相信真正的敌人是它居住了几个世纪的山脉。它在一阵错位的愤怒中将自己的重巢彻底拆毁。"
"MSG_C_HYPNOSIS_E_WIN","The ent's slow metabolism made it especially vulnerable to hypnotic suggestion operating at arboreal timescales. A deep trance rooted it more firmly than any physical restraint. The ancient tree spirit stood perfectly still dreaming of an imagined forest for a thousand years.","エントの遅い代謝が、樹木の時間軸で操作する催眠暗示に対して特に脆弱にした。深いトランスが、いかなる物理的拘束よりも確固と奴を根付かせた。古の樹木の精霊は、想像の森を夢見て千年の間完璧に静止して立っていた。","树精缓慢的代谢使其对以树木时间尺度运作的催眠暗示格外脆弱。深度恍惚比任何物理束缚都更牢固地将它扎根。这位古老的树灵完全静止地站立着，做着关于一片幻想之林的梦，一站就是千年。"
"MSG_C_HYPNOSIS_F_LOSS","The fly's compound eye structure meant it processed reality with fundamentally different cognitive architecture. The hypnotic pattern simply generated a dazzling array of unrelated visual noise in its brain. It flew away completely unaffected while you struggled with the apparatus.","ハエの複眼構造は、奴が根本的に異なる認知アーキテクチャで現実を処理することを意味した。催眠パターンは単純に奴の脳内で無関係な視覚的ノイズの眩しい配列を生成するだけだった。あなたが装置と格闘している間、奴は全く影響を受けずに飛び去った。","苍蝇的复眼结构意味着它用根本不同的认知架构处理现实。催眠图案只是在它脑中产生了一片令人眼花缭乱的无关视觉噪音。当你在摆弄装置时，它完全未受影响地飞走了。"
"MSG_C_HYPNOSIS_G_WIN","The goblin's obsessive greed was a pathway straight into its subconscious. A hypnotic suggestion of infinite treasure made it hand over everything it owned with a blissful smile. It wandered off searching for the imaginary hoard long after the trance should have worn off.","ゴブリンの強迫的な貪欲さは、奴の潜在意識への一本道だった。無限の宝の催眠暗示により、奴は至福の笑顔で自分の持ち物すべてを差し出した。幻のお宝を探し回り、トランスが醒めてからもずっと去って行った。","哥布林那强迫性的贪婪是直达其潜意识的通道。一个关于无限财宝的催眠暗示让它带着幸福的微笑交出了所有的家当。它带着幻想的宝藏一路寻找而去，甚至在恍惚状态理应消退后依然如此。"
"MSG_C_HYPNOSIS_H_WIN","The harpy's melodic voice was the core of her identity so hypnotic sound penetrated her psyche before conscious resistance could form. She landed softly and stood still with a dreaming smile while the battle ended around her. When she woke she was alone on a battlefield she could not remember.","ハーピーのメロディアスな声は奴のアイデンティティの核であり、意識的な抵抗が形成される前に催眠音が心理に浸透した。奴は夢見る笑顔でそっと着地し静止し、周囲で戦いが終わった。目覚めた時、奴は記憶できない戦場に一人残されていた。","悦耳的歌声是哈皮身份认同的核心，因此催眠音在有意识的抵抗成形之前就渗透了她的心灵。她带着做梦般的微笑轻轻落地静止，而战斗在她周围结束了。当她醒来时，独自留在了一个她无法记记起的战场上。"
"MSG_C_HYPNOSIS_I_WIN","The imp's constant teleportation was also the vector that carried the hypnotic signal directly to its nervous system. Each jump deepened the trance without the demon ever realizing what was happening. It materialized one final time in a perfect stillness and never moved again.","インプの絶え間ないテレポートが、催眠信号を神経系に直接運ぶ経路でもあった。悪魔が何が起きているかに気付くこともなく、各ジャンプがトランスを深めた。奴は完璧な静寂の中で最後に一度実体化し、二度と動かなかった。","小恶魔持续不断的传送也是将催眠信号直接传递到其神经系统的通道。恶魔在未曾察觉发生了什么的情况下，每次跳跃都在加深恍惚实。它最后一次实体化于完美的静止之中，再也没有动弹。"
"MSG_C_HYPNOSIS_J_LOSS","The jelly had no centralized brain to target and distributed its minimal consciousness across every cell simultaneously. The hypnotic signal dissipated before it could find a neural anchor point. The mindless mass simply kept engulfing things as normal.","ジェリーには標的にすべき中枢的な脳がなく、最小限の意識をすべての細胞に同時に分散させていた。催眠信号は神経の錨点を見つける前に消散した。無心の塊は通常通り物を飲み込み続けた。","果冻怪没有可供瞄准的中枢大脑，而是将最小限度的意识同时分散在每一个细胞之中。催眠信号在找到神经锚点之前就消散了。这个无心之物只是正常地继续吞噬着周围的东西。"
"MSG_C_HYPNOSIS_K_LOSS","The kobold shaman recognized the hypnotic initiation pattern from ancient tribal warnings and immediately countered with warding chants. The entire pack began howling a specific dissonant chord that broke the spell before it could take hold. They pressed the advantage while you stood confused.","コボルドのシャーマンが古い部族の警告から催眠開始パターンを認識し、即座に護符の詠唱で対抗した。群れ全体が呪文が根付く前にそれを壊す特定の不協和音を奏でた。あなたが混乱している間、奴らは優位を押し進めた。","狗头人萨满从古老的部落警告中认出了催眠启动的规律，立刻用防护咒语进行了反制。整个群落在咒语扎根之前嚎叫出了一个特定的不和谐和弦将其破除。趁着你困惑不已，它们乘势压上。"
"MSG_C_HYPNOSIS_L_WIN","The lizard's basking stillness was already 90 percent of the way to a trance state. The hypnotic induction needed only a single resonant pulse to complete the transition. It reclined even further into the sun with eyes locked open and body locked shut.","リザードの日光浴の静止は、既にトランス状態への90パーセントの道のりだった。催眠誘導は遷移を完了するためにたった一つの共鳴パルスが必要なだけだった。奴は目を開けたまま体を閉じて、さらに太陽へと傾いた。","蜥蜴晒太阳时的静止已经走完了进入恍惚状态90%的路程。催眠诱导只需一个共鸣脉冲就完成了过渡。它眼睛定格睁着，身体锁定闭合，向着太阳更深地倾斜下去。"
"MSG_C_HYPNOSIS_M_LOSS","The mummy's mind had already descended into a state beyond ordinary sleep ten thousand years ago. There was no conscious layer left to bypass with hypnosis. It continued its implacable march completely unaware and completely unstoppable.","マミーの心は一万年前にすでに通常の睡眠を超えた状態へと降りていた。催眠でバイパスすべき意識の層は残っていなかった。奴は鎮圧できないほど気付かぬまま、容赦ない行進を続けた。","木乃伊的心灵早在一万年前就已降入了超越普通睡眠的状态。已经没有可供催眠绕过的意识层了。它对一切毫无察觉且无法阻止地继续着那无情的行进。"
"MSG_C_HYPNOSIS_N_LOSS","The naga's dual brain structure separated rational thought from instinctual response and only the higher mind could be hypnotized. While the upper consciousness drifted into trance the primal coils acted on their own and wrapped around you automatically.","ナーガの二重脳構造は合理的な思考と本能的な反応を分けており、高次の心だけが催眠されることができた。上位の意識がトランスに漂う一方、原始的な体は自動的にあなたの周囲に巻き付いた。","纳迦的双脑结构将理性思维与本能反应分开，只有高级意识能够被催眠。当上层意识飘入恍惚时，原始的身躯自动绕到了你的周围。"
"MSG_C_HYPNOSIS_O_WIN","The orc's battle rage paradoxically made it the perfect hypnotic subject because its mind was already operating on a single track. The hypnotic command simply replaced that singular focus with absolute stillness. The raging giant stopped mid-swing and gently lowered its weapon like a sleepwalker.","オークの戦闘狂乱は逆説的に、心がすでに単一のトラックで動いていたため、完璧な催眠の被験者にした。催眠命令は単純にその一点集中を完全な静止で置き換えた。狂乱の巨人はスイングの途中で止まり、夢遊病者のように静かに武器を下げた。","兽人的战斗狂乱反而让它成了完美的催眠对象，因为它的心灵已经在一条单轨上运行了。催眠指令只是简单地将那种单一聚焦替换成了绝对的静止。狂怒的巨人在挥击到一半时停了下来，像梦游者一样轻轻放下了武器。"
"MSG_C_HYPNOSIS_P_WIN","The pixie's magic drew from subconscious energy fields and hypnosis operated in exactly those same depths. The competing signals created a feedback loop in her magical core that froze her spell mid-cast. She hovered in crystalline stillness like a firefly in amber.","ピクシーの魔法は潜在意識のエネルギーフィールドから引き出し、催眠もまさにそれらの同じ深みで作用した。競合する信号が魔法のコアにフィードバックループを作り、呪文を詠唱途中で固めた。奴は琥珀の中の蛍のように水晶のような静止の中で浮かんでいた。","小仙女的魔法汲取自潜意识的能量场，而催眠恰恰在同样的深处发挥作用。相互竞争的信号在她的魔法核心中产生了反馈回路，将咒语定格在施法当中。她像琥珀中的萤火虫一样悬浮在晶莹的静止之中。"
"MSG_C_HYPNOSIS_Q_LOSS","The coeurl's electromagnetic sensitivity let it detect the hypnotic signal as an alien electrical pattern before it reached the subconscious level. It neutralized the intrusion with a precise bio-electric counter-pulse. Then it turned the disruption into a targeting lock on your position.","クアールは電磁感受性が、潜在意識レベルに達する前に催眠信号を異質な電気パターンとして検出させた。奴は正確な生体電気のカウンターパルスで侵入を中和した。そして奴はその妨害をあなたの位置へのターゲティングロックに変えた。","夸尔的电磁敏感性让它在催眠信号到达潜意识层面之前就将其检测为异质电信号。它用精确的生物电反脉冲化解了入侵。然后它将那次干扰转变成了对你位置的目标锁定。"
"MSG_C_HYPNOSIS_R_LOSS","The rats' group mind meant no individual carried enough of the collective consciousness to fall into a complete trance. Hypnotizing one rat merely produced a confused zombie that its brothers immediately dragged into the swarm and replaced. Your session was ineffective from the first attempt.","ラットの群れの心は、個体が完全なトランスに陥るのに十分な集合意識を持っていないことを意味した。1匹を催眠しても混乱したゾンビを生むだけで、仲間たちはすぐに群れに引き込んで交代させた。あなたのセッションは最初の試みから無効だった。","老鼠的群体思维意味着任何个体都没有足够的集体意识陷入完整的恍惚。催眠一只老鼠只会产生一只困惑的僵尸，然后它的同伴立刻将其拖进群落加以替换。你的催眠从第一次尝试起就毫无效果。"
"MSG_C_HYPNOSIS_S_LOSS","The slime had no nervous system and processed stimuli through pure chemical gradient responses. The hypnotic signal had no neural pathway to travel and simply dissipated harmlessly on contact. The slime continued its leisurely digestion without a single reaction.","スライムには神経系がなく、純粋な化学的勾配反応で刺激を処理していた。催眠信号は移動すべき神経経路がなく、接触時に単純に無害に消散した。スライムは一切の反応なく、悠々と消化を続けた。","史莱姆没有神经系统，通过纯化学梯度反应处理刺激。催眠信号没有可以传播的神经路径，接触时就无害地消散了。史莱姆没有任何反应，悠然地继续着消化。"
"MSG_C_HYPNOSIS_T_LOSS","The troll entered a trance exactly as intended but its regenerative biology woke it up within seconds. Every cellular healing process was also a cellular waking process and sleep simply could not take hold. It came out of the trance angrier than it went in.","トロールは意図通りにトランスに入ったが、再生生物学が数秒以内に奴を目覚めさせた。すべての細胞修復プロセスは同時に覚醒プロセスでもあり、眠りが根付くことができなかった。奴はトランスに入ったより怒った状態で出てきた。","巨魔完全按照预期进入了恍惚状态，但其再生生物学在数秒内便将其唤醒。每一个细胞愈合过程同时也是一个细胞觉醒过程，睡眠根本无法扎根。它从恍惚状态中出来时比进去时还要愤怒。"
"MSG_C_HYPNOSIS_U_WIN","The undead's residual soul energy was the last remaining anchor point in its sundered consciousness. Hypnosis latched on directly and bypassed the corrupted body entirely. The soul accepted a suggestion of final peace and the body collapsed into quiet dissolution.","アンデッドの残留した魂のエネルギーは、寸断された意識の中で最後に残った錨点だった。催眠は直接それに掴まり、腐敗した身体を完全にバイパスした。魂は最後の平和の暗示を受け入れ、体は静かな溶解へと崩れ落ちた。","亡灵残存的灵魂能量是其破碎意识中最后剩余的锚点。催眠直接抓住了它，完全绕过了那具腐朽的躯壳。灵魂接受了终极安宁的暗示，身体随之崩塌，在宁静中消解。"
"MSG_C_HYPNOSIS_V_LOSS","The vampire had hypnotized thousands of victims over its centuries of life and knew every technique from the inside. It laughed softly at the attempt and turned the signal back on its source. You watched your own hands reach for a stake and found you could not stop them.","吸血鬼は何世紀もの生涯で何千人もの犠牲者を催眠し、あらゆる技術を内側から知っていた。奴は試みに静かに笑い、信号をその源へ返した。あなたは自分の手が杭へと伸びるのを見たが、止めることができないと気付いた。","吸血鬼在其数百年的生涯中催眠了数以千计的受害者，从内部了解每一种技术。它对这次尝试低声一笑，将信号回传到了源头。你看着自己的双手伸向木桩，发现自己无法阻止。"
"MSG_C_HYPNOSIS_W_LOSS","The wolf's pack bond created a distributed consciousness that was too diffuse for any single hypnotic focus to capture. Putting one wolf under only alarmed the others who circled in snapping and broke the trance with noise. You were surrounded before the recovery protocol was complete.","狼の群れの絆が分散した意識を作り出し、いかなる単一の催眠焦点もとらえることができなかった。一匹を催眠に掛けることは他の者たちを警戒させるだけで、噛みつきながら円を描いてトランスを音で破った。回復プロトコルが完了する前に包囲された。","狼的群落羁绊创造了一种弥散的意识，任何单一的催眠焦点都无法捕捉。催眠一只狼只会使其他的警觉起来，它们咬牙绕圈，用噪音打破恍惚。在恢复程序完成之前你就被包围了。"
"MSG_C_HYPNOSIS_X_LOSS","Xalthis perceived the hypnotic approach through electromagnetic and chemical detection long before it reached the visual range. It had already mapped every exit and calculated a counter from a position of complete safety. The predator was never in any real danger from the attempt.","ザルシスは催眠のアプローチを視覚範囲に達するずっと前に電磁的・化学的検知で感知していた。奴はすでに全ての出口を地図に描き、完全な安全の位置から対抗策を計算していた。捕食者はこの試みから一切の本物の危険にさらされなかった。","扎尔希斯通过电磁和化学探测，早在催眠进入视觉范围之前就感知到了它的接近。它已经绘制好了所有出口的地图，并从完全安全的位置计算好了反制方案。这个掠食者从一开始就没有面临任何真正的危险。"
"MSG_C_HYPNOSIS_Y_LOSS","The yeti's slow ponderous mind operated at frequencies that no standard hypnotic cadence could match. The signal simply passed too fast for its ancient neural architecture to register as meaningful. It scratched its head in mild confusion and then remembered it was hungry.","イエティの遅くどっしりとした心は、いかなる標準的な催眠リズムも一致できない周波数で動いていた。信号は奴の古い神経アーキテクチャが意味のあるものとして記録するには速すぎて単純に通り過ぎた。奴は軽い混乱で頭を掻き、それから空腹なことを思い出した。","雪人缓慢笨重的心灵运行在没有任何标准催眠节奏可以匹配的频率上。信号传递的速度对其古老的神经架构来说太快，根本无法作为有意义的内容被记录。它带着轻微的困惑搔了搔头，然后想起了自己还饿着。"
"MSG_C_HYPNOSIS_Z_LOSS","The zombie had no faculty of consciousness remaining that could be hypnotized. The hypnotic signal found only empty rotting neurons and nothing to latch onto. Its hollow eyes turned toward you not because of any suggestion but simply because you were warm.","ゾンビには催眠されうる意識の能力が残っていなかった。催眠信号は腐敗した空のニューロンだけを見つけ、掴まるものがなかった。奴の空虚な目があなたを向いたのは、どんな暗示のためでもなく、単純にあなたが温かかったためだ。","僵尸没有任何可供催眠的意识官能残留。信号只找到了空洞腐朽的神经元，无处可以抓住。它空洞的眼睛转向你，不是因为任何暗示，仅仅是因为你是温热的。"
"MSG_C_HOLYLIGHT_A_WIN","The ant was incinerated in a pillar of pure brilliance as heaven's light touched the earth. It left not even ash as the divine fire cleansed its existence. The small creature met its end in a flash of glory.","天上の光が地に降り立ち、アリは純粋な輝きの柱の中で焼き尽くされた。神聖な炎は魔物の存在を完全に洗浄し、灰さえも残さない。小さな生物は、一瞬の栄光と共にその生涯を完結させた。","当天堂之光触及大地时，蚂蚁在纯净光辉的柱子中被焚毁。随着神圣之火净化了它的存在，它连灰烬都没有留下。这个小生物在闪耀的荣耀中结束了它的生命。"
"MSG_C_HOLYLIGHT_B_WIN","The bat's sensitive eyes were burned away as the holy radiance filled the dungeon. It crashed into the wall, blinded and burning, before its life was fully claimed by the light. The creature of darkness vanished in the sacred glare.","聖なる輝きがダンジョンを満たし、コウモリの鋭敏な瞳を焼き払った。光によって視界と自由を奪われた魔物は、壁に激突してその命を散らす。闇の住人は、神聖な閃光の中に消え去った。","当神圣的光芒充满地牢时，蝙蝠敏感的眼睛被烧掉了。它撞到墙上，双目失明，浑身着火，随后生命被光芒完全占据。这个黑暗中的生物在神圣的光辉中消失了。"
"MSG_C_HOLYLIGHT_C_WIN","The cobra's low profile didn't protect it from the descending light of judgment. It writhed in the brilliance as its very essence was purified and then erased. The venomous snake met a bright, merciless end.","地に伏したコブラも、降り注ぐ裁きの光から逃れることはできなかった。その本質を洗浄され、消滅していく輝きの中で、魔物は最期まで悶え続けた。猛毒の蛇は、明るく無慈悲な終焉を迎えたのだ。","眼镜蛇低矮的身体并不能保护它免受降落的判决之光的攻击。它在光辉中挣扎，因为它最核心的本质被净化然后抹除。这条毒蛇迎来了光明而无情的终结。"
"MSG_C_HOLYLIGHT_D_WIN","Even the dragon's legendary scales provided no shield against the light of the divine. It roared in surprise as its shadows were banished, leaving it vulnerable and exposed. THE light of truth ended the dragon's reign forever.","伝説の鱗でさえ、神の光の前には何の盾にもならなかった。影を奪われ、その脆弱さを晒された巨獣は、驚愕の咆哮を上げる。真実の光は、ドラゴンの支配に永遠の終止符を打った。","即使是巨龙传奇般的鳞片在神圣之光面前也起不到保护作用。当它的阴影被驱逐时，它惊愕地咆哮起来，让它变得脆弱并暴露在外。真理之光永远结束了龙的统治。"
"MSG_C_HOLYLIGHT_E_LOSS","The Ent rooted itself deep in the earth, absorbing the holy energy like sunlight. It grew taller and stronger, its leaves glowing with a borrowed radiance. Your attempt to smite the forest spirit only made it more divine.","エントは大地の深くへと根を張り、神聖なエネルギーを日光のように吸収した。魔物はより高く、より強固に成長し、その葉は借り物の輝きで満たされる。精霊を撃退せんとしたあなたの試みは、皮肉にもそれを神聖化させただけだった。","树精深深地扎根于大地，像吸收阳光一样吸收神圣能量。它变得更高、更强，叶子散发着借来的光辉。你企图打击森林之灵的尝试只会让它变得更神圣。"
"MSG_C_HOLYLIGHT_F_WIN","The fly vanished in a single spark of holy intensity, leaving only a faint smell of ozone. Its erratic path ended in a straight line toward the heavens as the light claimed it. Not a single trace of the pest remained.","たった一点の神聖な閃光が、ハエの存在をオゾンの匂いと共に消し去った。気まぐれな飛行ルートも、天へと続く直線の光の中に呑み込まれ、終わりを迎える。害虫の痕跡は、どこにも残されていなかった。","苍蝇在一点神圣的高强度火花中消失了，只留下一股淡淡的臭氧味。由于光芒占据了它，它那不规则的飞行路径在直冲天堂的线条中结束了。这个害虫连一点痕迹都没有留下。"
"MSG_C_HOLYLIGHT_G_WIN","The goblin shrieked in terror as its dark heart was exposed by the penetrating light. It tried to cover its face with its hands, but the divine judgment was absolute. The coward met a bright, burning end in the center of the room.","透徹した光に心の闇を晒され、ゴブリンは恐怖の叫びを上げた。両手で顔を覆い隠そうとするが、神の裁きは容赦なく奴を焼き尽くしていく。卑怯な怪物は、部屋の中央で明るく燃え盛る最期を迎えた。","由于黑暗的心被穿透性的光所暴露，哥布林在恐惧中尖叫。它试图用手遮住脸，但神圣的裁决是绝对的。这个胆小鬼在房间中央迎来了光明、燃烧的终结。"
"MSG_C_HOLYLIGHT_H_WIN","The harpy's vanity was undone by the light that made all beauty irrelevant. Her wings failed as the holy wind stripped her of her unnatural grace. The choir of heaven replaced the screeches of the sky predator.","あらゆる美を無価値にする光によって、ハーピーの虚栄心は打ち砕かれた。不自然な優雅さを剥ぎ取られ、翼を失った彼女は地上へと墜ちていく。天上の調べが、空の捕食者の叫び声をかき消した。","被使一切美丽变得无关紧要的光芒所毁，哈皮的虚荣心毁于一旦。当神圣的风剥夺了她不自然的优雅时，她的双翼也失效了。天堂的合唱团取代了天空掠食者的尖叫。"
"MSG_C_HOLYLIGHT_I_WIN","The imp was vaporized instantly as the holy light touched its demonic frame. It left only a shadow burned into the stone floor, a permanent record of its defeat. The darkness in the dungeon was pushed back by the light.","神聖な光がその汚れた肉体に触れた瞬間、インプは跡形もなく蒸発した。石畳に焼き付いた影だけが、奴の敗北を物語る永遠の記録として残される。ダンジョンの闇は、圧倒的な光の前に後退を余儀なくされた。","当圣光触及到它的恶魔身躯时，小恶魔瞬间汽化了。石地板上只剩下一道烧焦的阴影，那是它战败的永久记录。地牢里的黑暗被光芒推开了。"
"MSG_C_HOLYLIGHT_J_LOSS","The jelly's translucent body refracted the holy light into a beautiful, harmless rainbow. It pulsed with newfound energy, its simple mind enjoying the display of colors. The light could not harm what it could only shine through.","ジェリーの半透明な身体は神聖な光を屈折させ、美しく無害な虹を作り出した。新たなエネルギーを得て脈打つ魔物は、その色彩の饗宴を無邪気に楽しんでいる。突き抜けるだけの光で、この怪物を傷つけることはできなかったのだ。","果冻怪透明的身体将圣光折射成美丽的、无害的彩虹。它随着新发现的能量而脉动，它那简单的头脑享受着色彩展示。光无法伤害它只能穿过的东西。"
"MSG_C_HOLYLIGHT_K_WIN","The kobold warrior was blinded and broken as the radiance judged its feral nature. It tried to growl at the light, but find its strength washed away by the divine warmth. The tribal guardian's fight ended in a white world.","野生の本性を裁く輝きの前に、コボルドの戦士は視界と力を奪われた。光に抗って唸り声を上げるが、その怪力は神聖な温もりの前に霧散していく。部族の番人の戦いは、純白の世界の中で終焉を迎えた。","由于光辉判决了它的野性，狗头人战士双目失明，被击溃。它试图对光发出低吼，但发现它的力量被神圣的温暖冲走了。部落守护者的战斗在一个白色的世界中结束。"
"MSG_C_HOLYLIGHT_L_WIN","The lizard's desert scales offered no protection from the supernatural intensity of the light. It slowed and stiffened as its cold life was overwhelmed by the holy heat. The predator of the dunes was erased from existence.","砂漠のリザードの鱗も、超自然的な光の強度を防ぐことはできなかった。冷徹な生命が神聖な熱量に呑み込まれ、魔物は徐々にその動きを止めていく。砂丘の捕食者は、跡形もなくこの世から消去された。","蜥蜴沙漠里的鳞片无法免受超自然强度的光芒。由于它寒冷的生命被圣热所淹没，它慢了下来并变得僵硬。沙丘的掠食者从世界上被抹去了。"
"MSG_C_HOLYLIGHT_M_WIN","The mummy ignited instantly as the holy light found the ancient evil within its wrappings. It became a pillar of sacred fire, its centuries of curse finally resolved in ash. The guardian of the past was released from its duty.","マミーの包帯に潜む古の悪意を聖なる光が捉え、魔物は瞬時に発火した。神聖な炎の柱となって燃え上がり、数千年の呪いは灰となってようやく霧散する。過去の守護者は、その重い役目から解き放たれたのだ。","由于圣光找到了它包裹着的古老邪恶，木乃伊瞬间被点燃。它变成了一根神圣的火柱，它数世纪的诅咒最终化为灰烬。过去的守护者从它的职责中解脱了出来。"
"MSG_C_HOLYLIGHT_N_LOSS","The naga redirected the holy energy into her own healing arts, restoring her vitality. She stood bathed in the radiance, looking like a goddess herself for a brief moment. You had unintentionally blessed a master of magic.","ナーガは神聖なエネルギーを自らの癒しの術へと転換し、その活力を完全に回復させた。光の中に佇む彼女の姿は、刹那、女神そのもののように神々しさを放つ。皮肉にも、あなたは魔導の達人に祝福を与えてしまったのだ。","纳迦将神圣能量转移到了她自己的治疗艺术中，恢复了她的活力。她沐浴在光辉中，短时间内看起来就像是一位女神。你无意中祝福了一位魔法大师。"
"MSG_C_HOLYLIGHT_O_LOSS","The orc's faith in its own brute strength allowed it to push through the blinding light. It shielded its eyes and continued the charge, driven by a determination that even light couldn't break. The warrior's spirit was absolute.","自らの怪力に対する絶対的な信頼が、オークに盲目的な光を突き抜ける力を与えた。顔を覆いながらも、光さえも砕けぬ強い意志で魔物は突撃を続ける。戦士の魂は、あらゆる神聖な干渉をも撥ね退けたのだ。","兽人对自身蛮力的信心让它能够冲破刺眼的光芒。它遮住眼睛继续冲锋，被一种连光都无法击碎的决心所驱使。战士的精神是绝对的。"
"MSG_C_HOLYLIGHT_P_WIN","The pixie's magical lights were snuffed out by the far greater radiance of the divine. She faded into the brilliance, her tricks and games made meaningless by the truth. The forest's light was finally claimed by the higher power.","神の圧倒的な輝きによって、ピクシーの魔法の光は跡形もなくかき消された。真実の前に全ての悪戯が無意味となり、彼女は輝きの中に静かに溶けていく。森の光は、ついに高次の力によって回収されたのだ。","小仙女的魔法光芒被更伟大的神圣光辉扑灭了。她消失在光辉中，由于真相，她的诡计和游戏变得毫无意义。森林之光终于被更高层次的力量所占据。"
"MSG_C_HOLYLIGHT_Q_WIN","The coeurl's electric field was overwhelmed by the high-frequency radiation of the holy beam. Its nervous system was overloaded by the purity of the light, ending its hunt forever. The nightmare of the dark was erased.","神聖な光線が放つ高周波の放射が、クアールの電磁場を完全に圧倒した。光の純粋さに神経系統が耐えきれず、魔物の狩猟本能は永遠に停止する。闇を支配した悪夢は、光によってその存在を消し去られた。","夸尔的电场被神圣光束的高频辐射所淹没。它的神经系统过载，因为光芒的纯净，永远结束了它的狩猎。黑暗的噩梦被抹除了。"
"MSG_C_HOLYLIGHT_R_LOSS","The rat swarm scurried into the deepest shadows of the rocks to escape the direct light. They waited in the darkness, their sheer numbers unaffected by the localized flash. The pests of the world were too many to purify at once.","ラットの群れは直射日光を避けるように、岩陰の最も深い闇へと逃げ込んだ。局所的な閃光では群れの全貌を捉えきれず、奴らは闇の中で静かに時を待つ。浄化すべき害獣の数は、一度に処理するにはあまりに多すぎた。","鼠群躲进了岩石最深的阴影中躲避直射光。它们在黑暗中等待，它们庞大的数量不受局部闪光的影响。世上的害虫太多，无法一次净化。"
"MSG_C_HOLYLIGHT_S_LOSS","The slime reflected the holy light in a thousand directions, turning the room into a hall of mirrors. It remained unharmed, its fluid nature allowing the brilliance to pass through harmlessly. The light was a weapon that couldn't cut Water.","スライムは神聖な光を全方位へと反射し、部屋を無数の鏡が並ぶ広間へと変えてしまった。流動的な肉体を通り抜ける光は魔物を傷つけることなく、空しく過ぎ去る。水のような存在を裁くには、光はあまりに無力だった。","史莱姆向一千个方向反射圣光，把房间变成了一个镜厅。它毫发无损，液体的特性让光辉无害地穿过。光这种武器无法斩断水。"
"MSG_C_HOLYLIGHT_T_LOSS","The troll's thick skin and raw vitality absorbed the radiance without taking damage. It roared back at the light, its legendary strength keeping it anchored to the physical world. The giant was too heavy with life to be erased.","トロールの厚い皮と剥き出しの活力は、何のダメージも負わずに神聖な輝きを吸収した。光に向かって咆哮を上げ、伝説的な力でこの世に踏み留まり続ける。生命の重みに満ちた巨人を、光で消し去ることなど不可能だった。","巨魔厚实的皮肤和原始活力吸收了光辉而没有受到伤害。它对着光怒吼，它传奇般的力量让它在物理世界中屹立不倒。这个巨人生命力太重，无法被抹除。"
"MSG_C_HOLYLIGHT_U_LOSS","The undead are not truly of this world and resisted the light through their connection to the void. They wavered like smoke but remained anchored by their lingering regrets. Even the light of heaven couldn't reach their hollow souls.","虚空との繋がりを持つアンデッドは生者の理の外にあり、聖なる光の干渉を撥ね退けた。煙のように揺らぐものの、その未連は彼らをこの世に留め続ける。天上の光でさえ、彼らの空虚な魂の底には届かなかったのだ。","由于与虚无的联系，亡灵并不真正属于这个世界，它们抵抗了光芒。它们像烟雾一样摇摆不定，但仍被它们留恋的遗憾牢牢束缚。即使是天堂之光也无法触及它们空洞的灵魂。"
"MSG_C_HOLYLIGHT_V_LOSS","The vampire manipulated the holy light into a dark eclipse, twisting the radiance for his own gain. He stood at the center of the shadow, his powers amplified by the perversion of your magic. The master of the night owned all light.","ヴァンパイアは神聖な光を歪め、自らを包む暗い日食へと変貌させてしまった。冒涜された魔力によってその力は増幅され、夜の王は闇の中心で不敵に笑う。全ての光を統べる者にとって、あなたの攻撃は贈り物に過ぎなかった。","吸血鬼将圣光操纵成了一场黑暗的日食，扭曲光辉为己所用。他站在阴影中心，通过扭曲你的魔法，他的力量反而得到了增强。黑夜之主掌控着所有的光。"
"MSG_C_HOLYLIGHT_W_LOSS","The wolf pack kept their heads down, their shadows melding together to defy the intrusive light. They used the high-contrast environment to slip past your position undetected. The children of the night were cunning enough to outrun the sun.","ウルフの群れは頭を低く保ち、互いの影を重ね合わせて不快な光を遮断した。光が作り出した深い影を巧みに利用し、魔物たちは音もなくあなたを包囲する。夜の申し子たちは、太陽の光さえも欺く狡猾さを備えていた。","狼群把头低着，它们的阴影融为一体对抗侵入的光芒。它们利用高对比度的环境不知不觉地溜过了你的位置。黑夜之子足够狡猾，能跑赢太阳。"
"MSG_C_HOLYLIGHT_X_LOSS","Xalthis's many protective eyes blinked in sequence, mitigating the intensity of the divine beam. It lunged forward through the glow, its focus undiminished by the attempt to blind it. The ancient horror remained a terrifying threat.","ザルティスの無数の保護眼が次々と瞬き、神聖な光線の強度を分散させてしまった。輝きの中を魔物は力強く突き進み、その闘志が衰えることはない。視覚を奪う試みは失敗に終わり、古の恐怖は依然としてそこにあった。","扎尔提斯众多的保护眼依次眨动，减轻了神圣光束的强度。它穿过光芒向前猛冲，其专注力并未因致盲尝试而减弱。古老的恐怖依然是个可怕的威胁。"
"MSG_C_HOLYLIGHT_Y_LOSS","The yeti's frost generated an atmospheric refraction that made the holy light miss its target entirely. It utilized the shimmering air to charge forward, its massive roar drowning out your spells. The mountain king ruled the light today.","イエティの放つ冷気が大気の屈折を引き起こし、神聖な光の焦点を完全に狂わせた。揺らめく空気の中を巨人は突進し、その咆哮はあなたの呪文をかき消す。嶺の王こそが、今日、この場の光を支配していたのだ。","雪人的霜气产生了大层折射，使得圣光完全偏离了目标。它利用闪烁的空气向前冲锋，庞大的咆哮声淹没了你的法术。雪山之王今天主宰了光。"
"MSG_C_HOLYLIGHT_Z_WIN","The zombie dissolved into dust as the holy light purified its unholy existence. It felt no pain, only a final, quiet release from its mindless wandering. The dead were finally given the mercy of a permanent rest.","神聖な光が不浄な存在を浄化し、ゾンビの肉体は塵となって静かに崩れ落ちた。痛みもなく、ただ意思なき彷徨いからの解放だけが魔物に与えられる。死者はついに、永遠の安らぎという名の慈悲を授かったのである。","由于圣光净化了它邪恶的存在，僵尸化成了尘土。它感觉不到痛苦，只有最终的、来自盲目前行的寂静释放。死者终于得到了永久安息的仁慈。"
"MSG_C_HANGER_A_WIN","The ant was caught by the hook of a tiny wire hanger and suspended in the air. It flailed its legs helplessly, unable to reach the ground. The threat was effectively put on display.","小さなアリが細いワイヤーハンガーのフックに引っ掛けられ、空中に吊るし上げられた。地面に足がつかず、魔物は虚しく足をバタつかせることしかできなかった。脅威は、見せしめのために展示された。","小小的蚂蚁被细铁丝衣架的钩子勾住，吊在了半空中。脚够不到地，魔物只能徒劳地乱蹬。威胁被展示了出来，以儆效尤。"
"MSG_C_HANGER_B_WIN","You managed to loop the hanger's shoulders through the bat's wings, pinning them shut. It hung from a nearby pipe, looking more like an umbrella than a monster. The beast was stored away for later.","コウモリの翼をハンガーの肩部分に通し、無造作に折り畳んで固定した。近くのパイプに吊るされた魔物は、怪物というよりは閉じられた傘のように見えた。脅威は、一時的に保管されることとなった。","将蝙蝠的双翼穿过衣架的肩部，随意折叠并固定。吊在附近管道上的魔物，比起怪物更像是一把收起的伞。威胁被暂时保管了起来。"
"MSG_C_HANGER_C_WIN","The cobra's long frame was draped over several hangers, disrupting its' strike. It swayed in the breeze, unable to regain its' footing or its' venomous confidence. The serpent was organized into submission.","コブラの長い体躯が複数のハンガーにバランス良く掛けられ、その攻撃体勢を根底から崩した。風に吹かれてゆらゆらと揺れる魔物は、もはや毒蛇としての威厳を失っていた。捕食者は、綺麗に整理整頓された。","眼镜蛇长长的躯体被平衡地挂在多个衣架上，彻底瓦解了其攻击架势。随风摇曳的魔物早已失去了作为毒蛇的威严。掠食者得到了完美的整理归位。"
"MSG_C_HANGER_D_LOSS","The dragon's massive wings proved too heavy for even the sturdiest hanger. The metal snapped instantly as the beast roared, amused by your trivial attempt. The legend refused to be hung out to dry.","ドラゴンの巨大な翼は、いかに頑丈なハンガーであっても支えきれる重さではなかった。パチンと音を立てて金属が折れると、魔物はあなたの無謀な試みを嘲笑うように咆哮を上げた。伝説を吊るし上げることは叶わなかった。","巨龙庞大的双翼即便再坚固的衣架也承重不起。金属折断发出啪嗒一声，魔物仿佛在嘲笑你鲁莽的尝试一般大发雷霆。想要吊起传说终究是没能如愿。"
"MSG_C_HANGER_E_WIN","The Ent's branches provided the perfect support for your hangers, looping around its' core. It was restricted as you used its' own weight to pin it against the forest floor. The spirit was organized and neutralized.","エントの無数の枝がハンガーを掛けるのに最適な支えとなり、逆にその動きを物理的に束縛した。自分の重みで身動きが取れなくなった古木は、そのまま森の静寂の中へと帰った。守護者は、機能的に無力化された。","树精无数的枝条成了悬挂衣架的最佳支点，反而物理性地束縛了其行动。由于自重而动弹不得的古树，就这样回到了森林的沉寂中。守护者被功能性地无力化了。"
"MSG_C_HANGER_F_WIN","The fly was caught mid-flight by a pinpoint toss of a miniature hanger. It spun around the hook and down to the floor, silenced by the sudden weight. Your accuracy cleared the air of pests.","空飛ぶハエを、ミニチュアハンガーの正確な投擲が捉え、その羽を静止させた。フックに絡まって床へと墜ち、小さな生命は不快な羽音と共に絶えた。あなたの正確な一撃が、空間を清浄に保った。","精准投出的微型衣架捉住了飞行中的苍蝇，使其双翼停摆。它勾在钩子上坠落地板，微弱的生命伴随着那令人不快的嗡鸣声宣告终结。你精准的一击保持了空间的清净。"
"MSG_C_HANGER_G_WIN","The goblin's dirty tunic was hooked by a hanger and lifted from behind. It dangled in the air, legs kicking uselessly as it cursed your cleaning tools. The dungeon bully was put in a timeout.","ゴブリンの不潔なチュニックがハンガーに引っ掛けられ、背後から無造作に吊るし上げられた。空中で足をバタつかせながら呪詛を吐く魔物の姿は、ひどく滑稽だった。地牢のならず者は、そのまま放置されることとなった。","哥布林肮脏的外衣被衣架勾住，从背后被随意吊起。魔物在空中乱蹬双腿，口出诅咒的样子极其滑稽。地牢里的恶棍就这样被晾在了一边。"
"MSG_C_HANGER_H_LOSS","Your attempt to hang the harpy failed as her powerful wings shredded the plastic tools. She shrieked and dove toward you, the broken hangers falling like confetti. The queen of the sky wouldn't be displayed.","ハーピーをハンガーに掛けようという試みは、彼女の力強い翼に道具を粉砕されたことで終わった。プラスチックの破片が紙吹雪のように散る中、彼女は激怒してあなたへと襲いかかってきた。空の女王を展示することはできなかった。","想要把哈皮挂上衣架的尝试，随着她强有力的双翼粉碎工具而告终。在如纸屑般飘散的塑料碎片中，她愤怒地向你袭来。无法展示出天空之女王。"
"MSG_C_HANGER_I_WIN","The imp's thin tail was snared by a hanger and it find its' wings pinned shut. It tried to teleport, but the physical hook held firm to its' infernal frame. The prankster was hung up and dealt with.","インプの細い尻尾がハンガーに絡め取られ、同時にその小さな翼も固定された。テレポートして逃げようとするが、物理的なフックが魔物の身体を逃さなかった。魔界の悪戯っ子は、丁重に吊るし上げられて処理された。","小恶魔纤细的尾巴被衣架缠住，其细小的双翼也同时被固定。它试图瞬移逃跑，但物理上的钩子死死勾住了魔物的身体。魔界的捣蛋鬼被郑重地吊起并处理掉了。"
"MSG_C_HANGER_J_LOSS","The jelly's gelatinous body simply flowed around the hangers, absorbing them into its' mass. It used the metal hooks to create a primitive skeleton for its' core. Your tool was consumed and made part of the threat.","ジェリーの流動的な肉体はハンガーを避けるどころか、むしろその中に取り込んでしまった。金属のフックは怪物の核を守る原始的な「骨格」へと作り替えられた。道具は飲み込まれ、さらなる脅威の一部となった。","果冻怪流动的肉体非但没有避开衣架，反而将其纳入了体内。金属钩子被重塑成了保护怪物核心的原始“骨架”。工具被吞噬，成了进一步威胁的一部分。"
"MSG_C_HANGER_K_WIN","The kobold's leather armor was hooked by a hanger, lifting the dog-man off his feet. It barked in confusion as it hung from a nearby torch scone, unable to swing its' sword. The warrior was effectively stored.","コボルドの革鎧がハンガーに引っ掛けられ、犬面の戦士は宙に浮かされた。壁の燭台に吊るされた魔物は剣を振るうこともできず、ただ混乱のうちに吠え続けた。戦士は、不本意ながらも「整理」された。","狗头人的皮甲被衣架勾住，使这位犬面战士腾空而起。被吊在墙壁烛台上的魔物甚至无法挥剑，只能在混乱中不断吠叫。战士虽非本愿，但也算被“打理”好了。"
"MSG_C_HANGER_L_LOSS","The lizard's slippery hide and agile movements made it impossible to catch with a hanger. It dodged your hooks and lunged for your throat, hissing at your domestic strategy. The desert predator was a poor fit for a wardrobe.","リザードの滑りやすい鱗と俊敏な動きに対し、ハンガーのフックは何の役にも立たなかった。魔物は易々と攻撃をかわし、あなたの喉元を狙って鋭い牙を剥いた。砂漠の捕食者を「クローゼット」に収めることはできなかった。","面对蜥蜴湿滑的鳞片和敏捷的动作，衣架钩子毫无用武之地。魔物轻而易举地躲过攻击，露出锐利的牙齿瞄准了你的咽喉。无法将沙漠掠食者收纳进“衣橱”。"
"MSG_C_HANGER_M_LOSS","The mummy's fragile bandages caught on the hangers, but the weight of the ancient corpse was too much. The tools bent and broke, leaving the monster scorched but still walking. Time was a layer too thick for your clips.","マミーの包帯がハンガーのフックに絡まったが、数千年の時を経た死体の重みには耐えられなかった。道具は無残に曲がって折れ、魔物は足止めされることなくあなたへと歩み寄った。歴史の重みは、安物のハンガーに支えられるものではなかった。","木乃伊的绷带勾在了衣架钩子上，但无法承受跨越数千年的尸体的重量。工具凄惨地弯折，魔物毫无受阻地向你走来。历史的重量，绝非廉价衣架所能支撑。"
"MSG_C_HANGER_N_WIN","The naga's long, flexible body was expertly looped over a large heavy-duty hanger. Her weight distracted her and the balance of the tool pinned her to the spot. The serpent queen was organized and immobilized.","ナーガの長くしなやかな体躯が、大型のハンガーに絶妙なバランスで巻き付けられた。自分自身の重みによって均衡を失い、美しき賢者はその場から動くことができなくなった。蛇の女王は、整理され、その動きを封じられた。","纳迦长而灵活的躯体被精妙地缠绕在大号衣架上。由于自身的重量而失去平衡，美丽的贤者动弹不得。蛇之女王得到了整理，其行动被封锁了。"
"MSG_C_HANGER_O_LOSS","The orc merely grunted as a hanger caught on its' harness, ripping it off with a single tug. It laughed and used the bent metal to sharpen its' teeth before charging. Your cleaning supplies were a joke to the brute.","オークはハーネスに引っかかったハンガーなど意に介さず、力任せに引きちぎってしまった。魔物は曲がった金属で歯を磨くような素振りを見せ、哄笑を上げながら突進してきた。日用品の山は、蛮勇の前に何の意味も示せなかった。","兽人丝毫不理会勾在背带上的衣架，凭蛮力将其扯碎。魔物甚至做出用弯曲金属磨牙的动作，在狞笑中发起了冲锋。日用品堆在蛮勇面前毫无意义。"
"MSG_C_HANGER_P_LOSS","The pixie dodged the hangers and used her magic to turn them into colorful, flying snakes. They chased you around the room while she clapped her hands in delight. Your attempt to display the sprite failed.","ピクシーはハンガーの攻撃をかわし、逆に魔法でそれらを空飛ぶ色鮮やかなヘビへと変えた。彼女が楽しげに手を叩く中、ハンガーのヘビたちは逆転してあなたへと襲いかかった。精霊を吊るし上げようとした試みは、無惨にも打ち砕かれた。","小仙女躲过衣架的攻击，反而用法术将它们变成了色彩鲜艳的飞蛇。在她开心地鼓掌时，衣架蛇反过来向你袭来。想要吊起精灵的尝试凄惨地破灭了。"
"MSG_C_HANGER_Q_LOSS","The coeurl's electric fur acted as a force field, pushing the metal hangers away. It used the opportunity to strike with its' whiskers, ensuring you didn't get a second chance. The high-speed hunter wasn't fit for a rack.","クアールの持つ電磁場が反発力を生み、金属製のハンガーを空間ごと押し返した。魔物はその隙を見逃さず、自慢の髭によって電撃を放ち、あなたを仕留めた。高速の捕食者をラックに並べることは、決して叶わない夢だった。","夸尔持有的电磁场产生了排斥力，连同空间一起弹开了金属衣架。魔物没有错过这个破绽，用引以为傲的胡须释放电击干掉了你。将高速掠食者陈列在架子上，终究是无法实现的梦。"
"MSG_C_HANGER_R_LOSS","The rats swarmed over the hangers, ignoring the hooks and focused on you. They were too many and too small for a single tool to be effective. The pack's determination couldn't be organized away.","ラットの群れはハンガーの上を易々と駆け抜け、道具など無視してあなたへと殺到した。あまりに小さく、そして数が多い彼らにとって、ハンガーなどただの足場に過ぎなかった。群れの猛威を「整理整頓」で解決することは不可能だった。","鼠群轻易跃过衣架，无视工具向你杀来。对于这种体型微小且数量众多的生物，衣架不过是它们的脚踏板。想要靠“整理整頓”解决鼠群猛威是不可能的。"
"MSG_C_HANGER_S_WIN","You managed to catch the slime's glowing nucleus with the hanger's hook and lift it clear out of its' mass. The jelly fell away, lifeless, while you held the monster's core on a wire rack. The threat was effectively neutralized.","スライムの核をハンガーのフックで見事に捉え、不気味な肉体から一気に引き抜いた。核を失った魔物は命を絶たれ、ただの液だまりへと成り果てた。あなたは怪物の核心を「収穫」し、戦いに勝利した。","衣架钩子精彩地捉住了史莱姆的核心，将其从诡异的肉体中一把拔出。失去核心的魔物丧命，化为了一滩普通水渍。你“收获”了怪物的核心，蠃得了战斗。"
"MSG_C_HANGER_T_LOSS","The troll found the hangers to be handy back-scratchers until it got bored and crushed them. It didn't mind the metal hooks and used its' regenerative power to ignore any petty damage. The giant's rampage continued unabated.","トロールはハンガーを「便利な背中掻き」としてしばらく楽しんでいたが、飽きると同時にそれらを握り潰した。怪物の再生能力の前には、金属のフックなど痒い所に手が届く程度の刺激でしかなかった。巨人の猛攻は止まることを知らなかった。","巨魔把衣架当成“方便的挠痒耙”玩了一会儿，但随即就腻了并将其捏碎。在怪物的再生能力面前，金属钩子不过是恰好挠到痒处的程度。巨人的猛攻从未停止。"
"MSG_C_HANGER_U_LOSS","The spectral Undead were too ethereal for the solid hangers to hold. Your tools passed right through their ghostly forms, clattering uselessly on the floor. You cannot hang a spirit in the physical world.","実体のないアンデッドにとって、物理的なハンガーなど何の障壁にもならなかった。道具は魔物の身体をすり抜けて空しく床へと落ち、ただ虚無の音が響いた。この現世の道具で、霊魂を吊るし上げることは不可能だった。","对于没有实态的不死族，物理上的衣架构不成任何障碍。工具穿过魔物的身体虚无地掉落在地板上，只回响着虚无的声音。用现世的工具是不可能吊起灵魂的。"
"MSG_C_HANGER_V_LOSS","The vampire shifted into shadow, rendering the hangers' hooks useless. He reappeared instantly, laughing at your attempt to organize his eternity. The night king was far above your domestic concerns.","ヴァンパイアが影へと変移すると、ハンガーのフックは何の抵抗もなく空を切った。魔物は一瞬で再出現し、永遠を生きる者を「整理」しようとするあなたの慢心を嘲笑った。夜の王は、家務の概念を遥かに凌駕する存在だった。","当吸血鬼移入阴影，衣架钩子只能毫无阻力地划过空气。魔物瞬间再现，嘲笑着你想要“整理”永生者的傲慢。夜之王是远超家务概念的存在。"
"MSG_C_HANGER_W_LOSS","The wolf's agile movement easily kept it clear of the hangers' grasp. It and its' pack mates turned your tool into a plaything, circling you with deadly focus. The hunters remained wild and un-arranged.","ウルフの俊敏な動作を前に、ハンガーは空振りを繰り返すばかりだった。魔物とその仲間たちはこの道具をオモチャとして楽しみながら、あなたを確実に死へと追い詰めた。森の狩人たちは、整理されることのない野性を守り抜いた。","在狼敏捷的动作面前，衣架只能一次次挥空。魔物和同伴们把这件工具当成玩具玩耍，同时确实地将你逼入死地。森林里的猎手们守住了无法被整理的野性。"
"MSG_C_HANGER_X_LOSS","Xalthis's many legs easily swatted the hangers aside with mechanical efficiency. It caught several hooks and used them to broaden its' own reach, striking you from an unexpected angle. The multi-legged terror was an expert at counter-hanging.","ザルティスの無数の足が、機械的な効率でハンガーをすべて端へと追い払った。奴はいくつかのフックを逆に利用し、自らの攻撃範囲を広げてあなたを急襲した。多足の恐怖を吊るし上げるなど、無謀な夢に過ぎなかった。","扎尔提斯无数只脚以机械般的效率将衣架全赶到了一边。它反过来利用几个钩子扩大了自己的攻击范围并对你发动了急袭。想要吊起多肢的恐怖之物，不过是无谋的梦。"
"MSG_C_HANGER_Y_LOSS","The yeti's internal cold froze the metal hangers until they became so brittle they shattered at the slightest touch. It blew a freezing breath that turned your wardrobe into a cloud of ice shards. The king of the peaks remained free of your displays.","イエティの極低温の魔力が金属製のハンガーを侵食し、それらを触れるだけで砕け散る氷の彫刻へと変えた。冷たい吐息と共にあなたの「武器」は粉々になり、周囲には静寂だけが残った。雪山の主を、あなたのコレクションに加えることはできなかった。","雪人极低温的魔力侵蚀了金属衣架，将其变成了触之即碎的冰雕。随着冰冷的气息，你的“武器”碎成粉末，周围只剩下了寂静。你无法将雪山之主列入你的收藏。"
"MSG_C_HANGER_Z_LOSS","The zombie's dead flesh only ripped away when caught by the hangers, not slowing the creature down. It ignored the metal hooks sticking from its' body and bit into your shoulder. The living dead didn't mind being a little messy.","ゾンビの腐肉をハンガーで引っ掛けたところで、肉の一部が剥がれるだけで魔物の歩みを止めることはできなかった。奴は身体にフックが刺さったまま、何の感情もなくあなたの肩を食い破った。動く死体を止めるには、ハンガーはあまりにも軽すぎた。","即便用衣架去钩僵尸的腐肉，也只会钩下一块肉，无法阻止魔物的脚步。它任由钩子插在身上，毫无感情地咬破了你的肩膀。想要阻止会动的尸体，衣架实在是太轻了。"
